band,file,tx_sign,p_lo,p_hi,delta_power,rx_lo,rx_hi,rx_ratio,delta_rx_per_db,start_snr,reports_lo,reports_hi,snr_bin
20m,wspr_2023-05-15_20m.parquet,AG2L,37,43,6,163,76,0.4662576687116564,-14.5,-15.0,431,76,-20..-15
20m,wspr_2023-05-15_20m.parquet,CK3VYT,37,40,3,88,93,1.0568181818181819,1.6666666666666667,-16.0,175,137,-20..-15
20m,wspr_2023-05-15_20m.parquet,DG8GAD,27,30,3,6,73,12.166666666666666,22.333333333333332,-17.0,6,846,-20..-15
20m,wspr_2023-05-15_20m.parquet,DK3BI,23,33,10,30,88,2.933333333333333,5.8,-15.5,400,1231,-20..-15
20m,wspr_2023-05-15_20m.parquet,EA6TF,23,33,10,353,1,0.0028328611898017,-35.2,-17.0,8395,1,-20..-15
20m,wspr_2023-05-15_20m.parquet,IZ2QKG,33,37,4,25,55,2.2,7.5,-15.0,45,150,-20..-15
20m,wspr_2023-05-15_20m.parquet,KC1PHY,33,43,10,35,233,6.6571428571428575,19.8,-13.0,35,397,>-15
20m,wspr_2023-05-15_20m.parquet,KD9TVT,37,40,3,25,42,1.68,5.666666666666667,-13.0,25,42,>-15
20m,wspr_2023-05-15_20m.parquet,KE4VWK,30,33,3,14,13,0.9285714285714286,-0.3333333333333333,-22.0,14,13,-24..-22
20m,wspr_2023-05-15_20m.parquet,KI7OSK,37,40,3,3,78,26.0,25.0,-9.0,3,132,>-15
20m,wspr_2023-05-15_20m.parquet,LB8TG,37,40,3,1,1,1.0,0.0,-9.0,1,1,>-15
20m,wspr_2023-05-15_20m.parquet,M0WWJ,13,23,10,8,12,1.5,0.4,-21.0,23,42,-22..-20
20m,wspr_2023-05-15_20m.parquet,MM7BWK,33,37,4,110,242,2.2,33.0,-20.0,563,3512,-22..-20
20m,wspr_2023-05-15_20m.parquet,N0TZC,40,47,7,110,46,0.41818181818181815,-9.142857142857142,-13.0,304,46,>-15
20m,wspr_2023-05-15_20m.parquet,N3AGE,23,30,7,20,29,1.45,1.2857142857142858,-17.0,585,116,-20..-15
20m,wspr_2023-05-15_20m.parquet,N5AQM,27,30,3,127,85,0.6692913385826772,-14.0,-18.0,774,85,-20..-15
20m,wspr_2023-05-15_20m.parquet,N5AQM,30,37,7,85,93,1.0941176470588236,1.1428571428571428,-15.0,85,93,-20..-15
20m,wspr_2023-05-15_20m.parquet,NI5F,33,37,4,1,362,362.0,90.25,-22.0,1,8076,-24..-22
20m,wspr_2023-05-15_20m.parquet,OH2DX,40,43,3,143,148,1.034965034965035,1.6666666666666667,-16.0,2139,3934,-20..-15
20m,wspr_2023-05-15_20m.parquet,R2BIY,37,43,6,197,162,0.8223350253807107,-5.833333333333333,-18.0,1523,441,-20..-15
20m,wspr_2023-05-15_20m.parquet,SG2OWW,13,23,10,1,295,295.0,29.4,-29.0,1,5136,-30..-28
20m,wspr_2023-05-15_20m.parquet,VA3BLN,3,7,4,2,1,0.5,-0.25,-22.0,3,2,-24..-22
20m,wspr_2023-05-15_20m.parquet,VA3BLN,7,10,3,1,2,2.0,0.3333333333333333,-20.5,2,6,-22..-20
20m,wspr_2023-05-15_20m.parquet,VA3BLN,10,17,7,2,1,0.5,-0.14285714285714285,-21.0,6,2,-22..-20
20m,wspr_2023-05-15_20m.parquet,VA3BLN,17,20,3,1,1,1.0,0.0,-24.5,2,1,-26..-24
20m,wspr_2023-05-15_20m.parquet,VA3BLN,20,30,10,1,1,1.0,0.0,-18.0,1,1,-20..-15
20m,wspr_2023-05-15_20m.parquet,VA3BLN,30,33,3,1,2,2.0,0.3333333333333333,-17.0,1,8,-20..-15
20m,wspr_2023-05-15_20m.parquet,VA3BLN,33,43,10,2,2,1.0,0.0,-22.5,8,8,-24..-22
20m,wspr_2023-05-15_20m.parquet,VA3BLN,43,53,10,2,2,1.0,0.0,-17.0,8,4,-20..-15
20m,wspr_2023-05-15_20m.parquet,VA3BLN,53,57,4,2,1,0.5,-0.25,-21.5,4,2,-22..-20
20m,wspr_2023-05-15_20m.parquet,VA3NKA,27,37,10,89,107,1.202247191011236,1.8,-16.0,226,229,-20..-15
20m,wspr_2023-05-15_20m.parquet,VE3GHM,7,13,6,72,78,1.0833333333333333,1.0,-23.0,805,1109,-24..-22
20m,wspr_2023-05-15_20m.parquet,VO1DZA,33,37,4,1,298,298.0,74.25,-26.0,1,2579,-28..-26
20m,wspr_2023-05-15_20m.parquet,W6LPM,20,23,3,1,101,101.0,33.333333333333336,-25.0,1,1978,-26..-24
20m,wspr_2023-05-15_20m.parquet,WB0KWJ,33,37,4,1,352,352.0,87.75,-28.0,1,5201,-30..-28
20m,wspr_2023-05-15_20m.parquet,WR1M,33,37,4,53,32,0.6037735849056604,-5.25,-16.0,67,32,-20..-15
20m,wspr_2023-05-16_20m.parquet,0D0YSN,27,37,10,7,7,1.0,0.0,-19.0,7,7,-20..-15
20m,wspr_2023-05-16_20m.parquet,0M7JKI,0,7,7,46,17,0.3695652173913043,-4.142857142857143,-21.0,85,17,-22..-20
20m,wspr_2023-05-16_20m.parquet,0M7JKI,7,17,10,17,20,1.1764705882352942,0.3,-20.0,17,20,-22..-20
20m,wspr_2023-05-16_20m.parquet,0M7JKI,17,23,6,20,4,0.2,-2.6666666666666665,-20.5,20,4,-22..-20
20m,wspr_2023-05-16_20m.parquet,0M7JKI,23,27,4,4,15,3.75,2.75,-18.0,4,16,-20..-15
20m,wspr_2023-05-16_20m.parquet,0M7JKI,27,37,10,15,12,0.8,-0.3,-20.0,16,12,-22..-20
20m,wspr_2023-05-16_20m.parquet,0M7JKI,37,47,10,12,10,0.8333333333333334,-0.2,-19.5,12,10,-20..-15
20m,wspr_2023-05-16_20m.parquet,0M7JKI,47,50,3,10,11,1.1,0.3333333333333333,-18.0,10,11,-20..-15
20m,wspr_2023-05-16_20m.parquet,0U7AAG,3,13,10,1,6,6.0,0.5,-8.0,1,8,>-15
20m,wspr_2023-05-16_20m.parquet,0V7AAG,0,3,3,1,2,2.0,0.3333333333333333,-9.5,2,2,>-15
20m,wspr_2023-05-16_20m.parquet,0V7AAG,3,7,4,2,3,1.5,0.25,-12.5,2,3,>-15
20m,wspr_2023-05-16_20m.parquet,4X1SO,30,37,7,5,105,21.0,14.285714285714286,-23.0,5,164,-24..-22
20m,wspr_2023-05-16_20m.parquet,AC9YY,27,30,3,245,1,0.004081632653061225,-81.33333333333333,-15.0,4858,1,-20..-15
20m,wspr_2023-05-16_20m.parquet,AJ1Z,37,40,3,21,142,6.761904761904762,40.333333333333336,-21.0,31,764,-22..-20
20m,wspr_2023-05-16_20m.parquet,DC1UI,37,40,3,72,7,0.09722222222222222,-21.666666666666668,-15.0,122,10,-20..-15
20m,wspr_2023-05-16_20m.parquet,DF1GA,23,27,4,54,1,0.018518518518518517,-13.25,-21.0,810,1,-22..-20
20m,wspr_2023-05-16_20m.parquet,DG8GAD,27,30,3,8,54,6.75,15.333333333333334,-19.5,10,623,-20..-15
20m,wspr_2023-05-16_20m.parquet,DK3BI,23,33,10,21,58,2.761904761904762,3.7,-17.0,199,227,-20..-15
20m,wspr_2023-05-16_20m.parquet,DL1FX,20,23,3,133,1,0.007518796992481203,-44.0,-18.0,2025,1,-20..-15
20m,wspr_2023-05-16_20m.parquet,EA3CNO,40,43,3,159,233,1.4654088050314464,24.666666666666668,-14.0,410,606,>-15
20m,wspr_2023-05-16_20m.parquet,HB9BAX,23,30,7,1,166,166.0,23.571428571428573,-11.0,1,4140,>-15
20m,wspr_2023-05-16_20m.parquet,IU0PQQ,27,37,10,94,35,0.3723404255319149,-5.9,-18.0,476,39,-20..-15
20m,wspr_2023-05-16_20m.parquet,KC2TER,30,33,3,1,338,338.0,112.33333333333333,-18.0,1,5736,-20..-15
20m,wspr_2023-05-16_20m.parquet,KG4ODC,23,27,4,169,1,0.005917159763313609,-42.0,-19.0,3804,1,-20..-15
20m,wspr_2023-05-16_20m.parquet,KI7OSK,30,37,7,111,113,1.018018018018018,0.2857142857142857,-14.0,199,226,>-15
20m,wspr_2023-05-16_20m.parquet,N7EAL,37,40,3,51,104,2.0392156862745097,17.666666666666668,-16.0,140,312,-20..-15
20m,wspr_2023-05-16_20m.parquet,NI5F,33,37,4,1,271,271.0,67.5,-11.0,1,2176,>-15
20m,wspr_2023-05-16_20m.parquet,R2BIY,37,43,6,201,32,0.15920398009950248,-28.166666666666668,-16.0,2577,32,-20..-15
20m,wspr_2023-05-16_20m.parquet,UA1ZQN,37,40,3,211,178,0.8436018957345972,-11.0,-15.0,2213,533,-20..-15
20m,wspr_2023-05-16_20m.parquet,VE1VDM,30,33,3,232,366,1.5775862068965518,44.666666666666664,-20.0,1411,4182,-22..-20
20m,wspr_2023-05-16_20m.parquet,VE3GHM,7,13,6,63,75,1.1904761904761905,2.0,-23.0,918,1285,-24..-22
20m,wspr_2023-05-17_20m.parquet,0T0RXL,40,50,10,12,9,0.75,-0.3,-20.0,12,9,-22..-20
20m,wspr_2023-05-17_20m.parquet,0Z7JNL,30,37,7,1,1,1.0,0.0,-25.0,1,1,-26..-24
20m,wspr_2023-05-17_20m.parquet,AJ8S,33,37,4,1,340,340.0,84.75,-23.5,2,3184,-24..-22
20m,wspr_2023-05-17_20m.parquet,DG8GAD,27,30,3,20,79,3.95,19.666666666666668,-18.0,37,1000,-20..-15
20m,wspr_2023-05-17_20m.parquet,F4HWD,20,30,10,37,34,0.918918918918919,-0.3,-15.0,97,34,-20..-15
20m,wspr_2023-05-17_20m.parquet,G6MZK,27,37,10,11,65,5.909090909090909,5.4,-24.0,20,219,-26..-24
20m,wspr_2023-05-17_20m.parquet,G6XOU,0,3,3,30,52,1.7333333333333334,7.333333333333333,-14.0,130,437,>-15
20m,wspr_2023-05-17_20m.parquet,G8AFN,30,33,3,111,38,0.34234234234234234,-24.333333333333332,-17.0,860,117,-20..-15
20m,wspr_2023-05-17_20m.parquet,IW2EPE,27,30,3,64,37,0.578125,-9.0,-14.0,539,114,>-15
20m,wspr_2023-05-17_20m.parquet,K6EAU,40,43,3,54,117,2.1666666666666665,21.0,-20.0,169,1168,-22..-20
20m,wspr_2023-05-17_20m.parquet,KC9LGS/7,0,10,10,18,1,0.05555555555555555,-1.7,-24.0,68,1,-26..-24
20m,wspr_2023-05-17_20m.parquet,KC9LGS/7,10,13,3,1,13,13.0,4.0,-28.0,1,66,-30..-28
20m,wspr_2023-05-17_20m.parquet,KE5WNY,40,43,3,42,83,1.9761904761904763,13.666666666666666,-16.0,42,83,-20..-15
20m,wspr_2023-05-17_20m.parquet,M7DIP,33,40,7,101,230,2.277227722772277,18.428571428571427,-17.0,216,1407,-20..-15
20m,wspr_2023-05-17_20m.parquet,N3YHF,30,37,7,40,38,0.95,-0.2857142857142857,-13.5,40,38,>-15
20m,wspr_2023-05-17_20m.parquet,N6UA,23,27,4,173,1,0.005780346820809248,-43.0,-18.0,1965,1,-20..-15
20m,wspr_2023-05-17_20m.parquet,N7GEE,30,33,3,17,44,2.588235294117647,9.0,-23.0,85,172,-24..-22
20m,wspr_2023-05-17_20m.parquet,N7GEE,33,37,4,44,30,0.6818181818181818,-3.5,-18.0,172,71,-20..-15
20m,wspr_2023-05-17_20m.parquet,N8PES,40,43,3,116,136,1.1724137931034482,6.666666666666667,-17.0,157,136,-20..-15
20m,wspr_2023-05-17_20m.parquet,NU7B,33,40,7,29,27,0.9310344827586207,-0.2857142857142857,-18.0,87,85,-20..-15
20m,wspr_2023-05-17_20m.parquet,ON4WS,27,30,3,151,1,0.006622516556291391,-50.0,-18.0,2140,1,-20..-15
20m,wspr_2023-05-17_20m.parquet,SV1DAR,30,37,7,37,26,0.7027027027027027,-1.5714285714285714,-22.0,223,52,-24..-22
20m,wspr_2023-05-17_20m.parquet,UA1ZQN,37,40,3,171,209,1.2222222222222223,12.666666666666666,-11.0,1390,890,>-15
20m,wspr_2023-05-17_20m.parquet,VE3GHM,7,13,6,65,73,1.123076923076923,1.3333333333333333,-22.0,765,1080,-24..-22
20m,wspr_2023-05-17_20m.parquet,VE7KZ,10,17,7,9,66,7.333333333333333,8.142857142857142,-21.0,39,1840,-22..-20
20m,wspr_2023-05-17_20m.parquet,VK5NTF/Z,10,13,3,2,6,3.0,1.3333333333333333,-29.0,2,13,-30..-28
20m,wspr_2023-05-17_20m.parquet,VK5NTF/Z,13,23,10,6,10,1.6666666666666667,0.4,-26.0,13,17,-28..-26
20m,wspr_2023-05-17_20m.parquet,WD4IYE,30,37,7,15,31,2.066666666666667,2.2857142857142856,-16.0,15,31,-20..-15
20m,wspr_2023-05-18_20m.parquet,AJ8S,33,37,4,1,354,354.0,88.25,-23.5,8,3196,-24..-22
20m,wspr_2023-05-18_20m.parquet,DB1NN,30,33,3,118,62,0.5254237288135594,-18.666666666666668,-13.0,875,62,>-15
20m,wspr_2023-05-18_20m.parquet,DK3BI,23,33,10,69,130,1.8840579710144927,6.1,-14.0,737,1638,>-15
20m,wspr_2023-05-18_20m.parquet,DL8MFW,37,40,3,4,33,8.25,9.666666666666666,-7.0,4,49,>-15
20m,wspr_2023-05-18_20m.parquet,EB4FJN,27,30,3,194,173,0.8917525773195877,-7.0,-13.0,1152,512,>-15
20m,wspr_2023-05-18_20m.parquet,EB4FJN,30,33,3,173,127,0.7341040462427746,-15.333333333333334,-12.0,512,186,>-15
20m,wspr_2023-05-18_20m.parquet,F1GTM,10,20,10,25,88,3.52,6.3,-17.5,64,944,-20..-15
20m,wspr_2023-05-18_20m.parquet,F5HGF,30,33,3,23,13,0.5652173913043478,-3.3333333333333335,-16.0,37,13,-20..-15
20m,wspr_2023-05-18_20m.parquet,G4GVZ,30,37,7,143,23,0.16083916083916083,-17.142857142857142,-14.5,1494,23,>-15
20m,wspr_2023-05-18_20m.parquet,G8LDJ,27,30,3,141,1,0.0070921985815602835,-46.666666666666664,-14.0,1881,1,>-15
20m,wspr_2023-05-18_20m.parquet,IW2EPE,27,30,3,88,20,0.22727272727272727,-22.666666666666668,-14.0,541,40,>-15
20m,wspr_2023-05-18_20m.parquet,K0BUB,23,33,10,203,1,0.0049261083743842365,-20.2,-17.0,2690,1,-20..-15
20m,wspr_2023-05-18_20m.parquet,K1FQY/E,0,3,3,16,11,0.6875,-1.6666666666666667,-18.5,22,11,-20..-15
20m,wspr_2023-05-18_20m.parquet,K1FQY/E,3,10,7,11,18,1.6363636363636365,1.0,-17.0,11,27,-20..-15
20m,wspr_2023-05-18_20m.parquet,K1FQY/E,10,13,3,18,20,1.1111111111111112,0.6666666666666666,-17.0,27,28,-20..-15
20m,wspr_2023-05-18_20m.parquet,K1FQY/E,13,17,4,20,29,1.45,2.25,-18.5,28,48,-20..-15
20m,wspr_2023-05-18_20m.parquet,K1FQY/E,17,20,3,29,27,0.9310344827586207,-0.6666666666666666,-19.0,48,44,-20..-15
20m,wspr_2023-05-18_20m.parquet,K1FQY/E,20,23,3,27,29,1.0740740740740742,0.6666666666666666,-17.0,44,105,-20..-15
20m,wspr_2023-05-18_20m.parquet,K1FQY/E,23,27,4,29,30,1.0344827586206897,0.25,-19.0,105,98,-20..-15
20m,wspr_2023-05-18_20m.parquet,K1FQY/E,27,30,3,30,33,1.1,1.0,-20.0,98,180,-22..-20
20m,wspr_2023-05-18_20m.parquet,K1FQY/E,30,33,3,33,24,0.7272727272727273,-3.0,-17.5,180,50,-20..-15
20m,wspr_2023-05-18_20m.parquet,K1FQY/E,33,37,4,24,21,0.875,-0.75,-19.0,50,28,-20..-15
20m,wspr_2023-05-18_20m.parquet,K1FQY/E,37,40,3,21,47,2.238095238095238,8.666666666666666,-19.0,28,319,-20..-15
20m,wspr_2023-05-18_20m.parquet,K5FRT,0,3,3,9,6,0.6666666666666666,-1.0,-23.5,50,24,-24..-22
20m,wspr_2023-05-18_20m.parquet,KB4GM,0,10,10,4,3,0.75,-0.1,-23.5,4,3,-24..-22
20m,wspr_2023-05-18_20m.parquet,KB4GM,10,13,3,3,1,0.3333333333333333,-0.6666666666666666,-23.0,3,1,-24..-22
20m,wspr_2023-05-18_20m.parquet,KB4GM,13,20,7,1,1,1.0,0.0,-25.0,1,1,-26..-24
20m,wspr_2023-05-18_20m.parquet,KB4GM,20,23,3,1,4,4.0,1.0,-25.0,1,4,-26..-24
20m,wspr_2023-05-18_20m.parquet,KB4GM,23,27,4,4,4,1.0,0.0,-21.5,4,5,-22..-20
20m,wspr_2023-05-18_20m.parquet,KB4GM,27,30,3,4,3,0.75,-0.3333333333333333,-25.0,5,3,-26..-24
20m,wspr_2023-05-18_20m.parquet,KB4GM,30,33,3,3,5,1.6666666666666667,0.6666666666666666,-19.0,3,5,-20..-15
20m,wspr_2023-05-18_20m.parquet,KB4GM,33,37,4,5,1,0.2,-1.0,-26.0,5,1,-28..-26
20m,wspr_2023-05-18_20m.parquet,M0BSI,33,37,4,338,1,0.0029585798816568047,-84.25,-14.0,6345,2,>-15
20m,wspr_2023-05-18_20m.parquet,N7GEE,30,37,7,6,37,6.166666666666667,4.428571428571429,-24.0,9,146,-26..-24
20m,wspr_2023-05-18_20m.parquet,NU7B,30,33,3,12,30,2.5,6.0,-16.0,13,51,-20..-15
20m,wspr_2023-05-18_20m.parquet,NU7B,33,40,7,30,35,1.1666666666666667,0.7142857142857143,-20.0,51,81,-22..-20
20m,wspr_2023-05-18_20m.parquet,PA2W,27,37,10,21,99,4.714285714285714,7.8,-15.5,40,99,-20..-15
20m,wspr_2023-05-18_20m.parquet,QK2ZPS,37,40,3,22,5,0.22727272727272727,-5.666666666666667,-20.0,22,5,-22..-20
20m,wspr_2023-05-18_20m.parquet,QK2ZTB,37,40,3,23,5,0.21739130434782608,-6.0,-20.0,23,5,-22..-20
20m,wspr_2023-05-18_20m.parquet,UA1ZQN,37,40,3,333,87,0.26126126126126126,-82.0,-14.0,9979,87,>-15
20m,wspr_2023-05-18_20m.parquet,UA1ZQN,40,43,3,87,111,1.2758620689655173,8.0,-14.0,87,111,>-15
20m,wspr_2023-05-18_20m.parquet,WA6HEW,23,27,4,196,1,0.00510204081632653,-48.75,-17.0,3228,1,-20..-15
20m,wspr_2023-05-19_20m.parquet,AB7FB,27,37,10,56,61,1.0892857142857142,0.5,-18.0,175,61,-20..-15
20m,wspr_2023-05-19_20m.parquet,AJ8S,33,37,4,1,367,367.0,91.5,-22.0,9,3826,-24..-22
20m,wspr_2023-05-19_20m.parquet,DK3BI,23,33,10,97,139,1.4329896907216495,4.2,-14.0,1412,1205,>-15
20m,wspr_2023-05-19_20m.parquet,G4GVZ,33,37,4,126,59,0.46825396825396826,-16.75,-12.0,451,126,>-15
20m,wspr_2023-05-19_20m.parquet,IU7RAL,33,40,7,99,64,0.6464646464646465,-5.0,-23.0,1255,139,-24..-22
20m,wspr_2023-05-19_20m.parquet,K1FQY/E,3,10,7,15,14,0.9333333333333333,-0.14285714285714285,-16.0,19,14,-20..-15
20m,wspr_2023-05-19_20m.parquet,K1FQY/E,10,13,3,14,30,2.142857142857143,5.333333333333333,-19.0,14,147,-20..-15
20m,wspr_2023-05-19_20m.parquet,K1FQY/E,13,17,4,30,36,1.2,1.5,-18.0,147,109,-20..-15
20m,wspr_2023-05-19_20m.parquet,K1FQY/E,17,20,3,36,37,1.0277777777777777,0.3333333333333333,-18.0,109,129,-20..-15
20m,wspr_2023-05-19_20m.parquet,K6EAU,40,43,3,32,142,4.4375,36.666666666666664,-22.0,39,1560,-24..-22
20m,wspr_2023-05-19_20m.parquet,KB4GM,17,20,3,1,1,1.0,0.0,-27.0,1,1,-28..-26
20m,wspr_2023-05-19_20m.parquet,KC0USO,27,30,3,35,4,0.11428571428571428,-10.333333333333334,-22.0,35,4,-24..-22
20m,wspr_2023-05-19_20m.parquet,KC1PHY,37,40,3,72,45,0.625,-9.0,-14.0,107,68,>-15
20m,wspr_2023-05-19_20m.parquet,N0RTB,23,27,4,188,1,0.005319148936170213,-46.75,-19.0,13285,1,-20..-15
20m,wspr_2023-05-19_20m.parquet,N5ODX,27,37,10,173,62,0.3583815028901734,-11.1,-18.0,2425,254,-20..-15
20m,wspr_2023-05-19_20m.parquet,N6YWU,10,20,10,2,15,7.5,1.3,-25.0,2,15,-26..-24
20m,wspr_2023-05-19_20m.parquet,N8NJ,27,30,3,55,272,4.945454545454545,72.33333333333333,-15.0,71,2828,-20..-15
20m,wspr_2023-05-19_20m.parquet,NU7B,37,40,3,24,15,0.625,-3.0,-20.0,24,15,-22..-20
20m,wspr_2023-05-19_20m.parquet,OH8GKP,33,37,4,8,25,3.125,4.25,-18.0,14,1892,-20..-15
20m,wspr_2023-05-19_20m.parquet,PA3CJP,37,40,3,108,107,0.9907407407407407,-0.3333333333333333,-11.0,319,497,>-15
20m,wspr_2023-05-19_20m.parquet,PA3CJP,40,47,7,107,141,1.3177570093457944,4.857142857142857,-10.0,497,370,>-15
20m,wspr_2023-05-19_20m.parquet,QK2ZAW,3,10,7,29,27,0.9310344827586207,-0.2857142857142857,-20.0,29,27,-22..-20
20m,wspr_2023-05-19_20m.parquet,QK2ZMG,0,7,7,7,35,5.0,4.0,-9.0,7,35,>-15
20m,wspr_2023-05-19_20m.parquet,VE7APF,30,37,7,33,263,7.96969696969697,32.857142857142854,-7.0,35,5822,>-15
20m,wspr_2023-05-19_20m.parquet,YO3GND,40,43,3,78,116,1.4871794871794872,12.666666666666666,-11.0,199,116,>-15
20m,wspr_2023-05-20_20m.parquet,AJ1Z,40,43,3,64,85,1.328125,7.0,-12.0,64,85,>-15
20m,wspr_2023-05-20_20m.parquet,DG9ME,40,43,3,84,91,1.0833333333333333,2.3333333333333335,-12.0,295,239,>-15
20m,wspr_2023-05-20_20m.parquet,DH0NAE,30,33,3,18,12,0.6666666666666666,-2.0,-24.0,48,24,-26..-24
20m,wspr_2023-05-20_20m.parquet,EI7CLB,30,37,7,19,38,2.0,2.7142857142857144,-18.0,53,77,-20..-15
20m,wspr_2023-05-20_20m.parquet,EI7JR,17,23,6,1,204,204.0,33.833333333333336,-19.0,1,2368,-20..-15
20m,wspr_2023-05-20_20m.parquet,F4JJD/P,27,37,10,41,32,0.7804878048780488,-0.9,-11.5,56,32,>-15
20m,wspr_2023-05-20_20m.parquet,G1MUM,10,13,3,12,1,0.08333333333333333,-3.6666666666666665,-21.0,45,1,-22..-20
20m,wspr_2023-05-20_20m.parquet,KC0USO,27,30,3,14,57,4.071428571428571,14.333333333333334,-23.0,16,65,-24..-22
20m,wspr_2023-05-20_20m.parquet,M0RBD,30,33,3,98,69,0.7040816326530612,-9.666666666666666,-17.0,360,69,-20..-15
20m,wspr_2023-05-20_20m.parquet,N3NQP,37,40,3,75,80,1.0666666666666667,1.6666666666666667,-15.0,132,158,-20..-15
20m,wspr_2023-05-20_20m.parquet,NK3H,33,37,4,69,127,1.8405797101449275,14.5,-13.0,97,524,>-15
20m,wspr_2023-05-20_20m.parquet,NU7B,33,37,4,49,9,0.1836734693877551,-10.0,-20.0,65,9,-22..-20
20m,wspr_2023-05-20_20m.parquet,NU7B,37,40,3,9,52,5.777777777777778,14.333333333333334,-20.0,9,84,-22..-20
20m,wspr_2023-05-20_20m.parquet,ON4WS,27,30,3,172,1,0.005813953488372093,-57.0,-17.0,1912,1,-20..-15
20m,wspr_2023-05-20_20m.parquet,PA0ANH,27,37,10,1,38,38.0,3.7,-17.0,1,141,-20..-15
20m,wspr_2023-05-20_20m.parquet,PA3GHJ,30,37,7,13,134,10.307692307692308,17.285714285714285,-19.0,13,370,-20..-15
20m,wspr_2023-05-20_20m.parquet,VE3RRN,20,30,10,18,25,1.3888888888888888,0.7,-24.0,24,40,-26..-24
20m,wspr_2023-05-20_20m.parquet,VE7WEX,33,37,4,28,24,0.8571428571428571,-1.0,-10.5,28,24,>-15
20m,wspr_2023-05-20_20m.parquet,W6KAP,23,27,4,7,2,0.2857142857142857,-1.25,-23.0,7,2,-24..-22
20m,wspr_2023-05-20_20m.parquet,W6KAP,27,30,3,2,20,10.0,6.0,-15.5,2,27,-20..-15
20m,wspr_2023-05-20_20m.parquet,W8OQ,30,37,7,87,91,1.0459770114942528,0.5714285714285714,-17.0,123,91,-20..-15
20m,wspr_2023-05-21_20m.parquet,AG6NO,33,37,4,85,200,2.3529411764705883,28.75,-14.0,144,3081,>-15
20m,wspr_2023-05-21_20m.parquet,DL1FX,20,23,3,120,1,0.008333333333333333,-39.666666666666664,-15.0,1790,1,-20..-15
20m,wspr_2023-05-21_20m.parquet,DL2NGT,17,20,3,6,1,0.16666666666666666,-1.6666666666666667,-26.0,9,1,-28..-26
20m,wspr_2023-05-21_20m.parquet,DM8TE,30,37,7,11,15,1.3636363636363635,0.5714285714285714,-16.0,18,30,-20..-15
20m,wspr_2023-05-21_20m.parquet,F4ZZZ,30,37,7,24,14,0.5833333333333334,-1.4285714285714286,-3.0,24,14,>-15
20m,wspr_2023-05-21_20m.parquet,F6KOP,23,27,4,143,1,0.006993006993006993,-35.5,-15.0,2611,1,-20..-15
20m,wspr_2023-05-21_20m.parquet,HA7CS,37,47,10,29,69,2.3793103448275863,4.0,-8.0,32,69,>-15
20m,wspr_2023-05-21_20m.parquet,IW1GFN,30,33,3,38,34,0.8947368421052632,-1.3333333333333333,-17.0,56,52,-20..-15
20m,wspr_2023-05-21_20m.parquet,K3RWR,20,23,3,1,146,146.0,48.333333333333336,-34.0,1,1196,≤-30
20m,wspr_2023-05-21_20m.parquet,K4IQJ,23,30,7,149,14,0.09395973154362416,-19.285714285714285,-17.0,728,14,-20..-15
20m,wspr_2023-05-21_20m.parquet,KD9HUR,33,37,4,43,1,0.023255813953488372,-10.5,-16.0,43,1,-20..-15
20m,wspr_2023-05-21_20m.parquet,KE5ES,30,37,7,84,28,0.3333333333333333,-8.0,-12.0,149,28,>-15
20m,wspr_2023-05-21_20m.parquet,KF7YWH,37,43,6,45,105,2.3333333333333335,10.0,-14.0,45,179,>-15
20m,wspr_2023-05-21_20m.parquet,KG6NLW,30,37,7,27,27,1.0,0.0,-22.0,45,52,-24..-22
20m,wspr_2023-05-21_20m.parquet,KJ7JNK,33,43,10,80,45,0.5625,-3.5,-16.5,160,45,-20..-15
20m,wspr_2023-05-21_20m.parquet,KR1KZZ,30,37,7,20,44,2.2,3.4285714285714284,-19.5,20,44,-20..-15
20m,wspr_2023-05-21_20m.parquet,M7DIP,33,40,7,73,105,1.4383561643835616,4.571428571428571,-16.0,119,292,-20..-15
20m,wspr_2023-05-21_20m.parquet,N3AGE,23,30,7,24,55,2.2916666666666665,4.428571428571429,-17.0,2410,165,-20..-15
20m,wspr_2023-05-21_20m.parquet,N6YWU,20,30,10,4,27,6.75,2.3,-23.0,5,64,-24..-22
20m,wspr_2023-05-21_20m.parquet,N8PES,40,43,3,80,73,0.9125,-2.3333333333333335,-18.5,80,73,-20..-15
20m,wspr_2023-05-21_20m.parquet,NK3H,33,37,4,188,60,0.3191489361702128,-32.0,-9.0,1884,60,>-15
20m,wspr_2023-05-21_20m.parquet,OK2SAM,27,30,3,1,129,129.0,42.666666666666664,-23.0,1,1906,-24..-22
20m,wspr_2023-05-21_20m.parquet,ON4WS,20,27,7,1,113,113.0,16.0,-16.0,1,1749,-20..-15
20m,wspr_2023-05-21_20m.parquet,OZ1IDG,33,37,4,1,241,241.0,60.0,-16.0,1,2494,-20..-15
20m,wspr_2023-05-21_20m.parquet,PA3GHJ,27,33,6,5,3,0.6,-0.3333333333333333,-23.0,5,3,-24..-22
20m,wspr_2023-05-21_20m.parquet,PA3GHJ,33,37,4,3,59,19.666666666666668,14.0,-13.0,3,203,>-15
20m,wspr_2023-05-21_20m.parquet,QK2ZOL,13,17,4,16,16,1.0,0.0,-21.0,16,21,-22..-20
20m,wspr_2023-05-21_20m.parquet,SM6VNO,33,37,4,26,31,1.1923076923076923,1.25,-18.0,26,31,-20..-15
20m,wspr_2023-05-21_20m.parquet,VE7BEH,30,37,7,18,46,2.5555555555555554,4.0,-15.5,18,103,-20..-15
20m,wspr_2023-05-21_20m.parquet,VE7BEH,37,43,6,46,38,0.8260869565217391,-1.3333333333333333,-20.0,103,76,-22..-20
20m,wspr_2023-06-15_20m.parquet,2E0OUE,37,47,10,9,22,2.4444444444444446,1.3,-17.0,9,33,-20..-15
20m,wspr_2023-06-15_20m.parquet,AC6RB/A,0,3,3,5,3,0.6,-0.6666666666666666,-25.0,14,8,-26..-24
20m,wspr_2023-06-15_20m.parquet,AH6CY,23,30,7,61,10,0.16393442622950818,-7.285714285714286,-21.0,283,19,-22..-20
20m,wspr_2023-06-15_20m.parquet,AJ8S,23,33,10,1,1,1.0,0.0,-25.0,1,1,-26..-24
20m,wspr_2023-06-15_20m.parquet,DL5JUN,7,10,3,2,1,0.5,-0.3333333333333333,-18.0,2,1,-20..-15
20m,wspr_2023-06-15_20m.parquet,F1DZP,23,27,4,36,131,3.638888888888889,23.75,-20.5,54,939,-22..-20
20m,wspr_2023-06-15_20m.parquet,K5USB,20,30,10,2,13,6.5,1.1,-14.0,3,23,>-15
20m,wspr_2023-06-15_20m.parquet,K5WG,17,23,6,1,256,256.0,42.5,-18.0,1,7177,-20..-15
20m,wspr_2023-06-15_20m.parquet,K7QXY/P,20,30,10,3,150,50.0,14.7,-12.5,6,2882,>-15
20m,wspr_2023-06-15_20m.parquet,KC9LGS/7,0,10,10,2,1,0.5,-0.1,-26.5,2,1,-28..-26
20m,wspr_2023-06-15_20m.parquet,KC9LGS/7,10,13,3,1,1,1.0,0.0,-30.0,1,1,≤-30
20m,wspr_2023-06-15_20m.parquet,KD4JRX,23,27,4,331,1,0.0030211480362537764,-82.5,-17.0,3573,1,-20..-15
20m,wspr_2023-06-15_20m.parquet,KD8TFR,33,40,7,119,173,1.453781512605042,7.714285714285714,-16.5,184,366,-20..-15
20m,wspr_2023-06-15_20m.parquet,KD8TFR,40,43,3,173,163,0.9421965317919075,-3.3333333333333335,-15.0,366,164,-20..-15
20m,wspr_2023-06-15_20m.parquet,KE8KYP,37,40,3,228,1,0.0043859649122807015,-75.66666666666667,-11.0,657,2,>-15
20m,wspr_2023-06-15_20m.parquet,M0BSI,33,37,4,360,1,0.002777777777777778,-89.75,-15.0,6504,1,-20..-15
20m,wspr_2023-06-15_20m.parquet,ON7AN,27,33,6,134,45,0.3358208955223881,-14.833333333333334,-19.0,1232,79,-20..-15
20m,wspr_2023-06-15_20m.parquet,QU1AMM,27,37,10,1,1,1.0,0.0,-28.0,1,1,-30..-28
20m,wspr_2023-06-15_20m.parquet,QU1AMM,37,47,10,1,1,1.0,0.0,-21.0,1,1,-22..-20
20m,wspr_2023-06-15_20m.parquet,R2BIY,30,37,7,36,107,2.9722222222222223,10.142857142857142,-21.0,43,301,-22..-20
20m,wspr_2023-06-15_20m.parquet,R2BIY,37,43,6,107,33,0.308411214953271,-12.333333333333334,-21.0,301,43,-22..-20
20m,wspr_2023-06-15_20m.parquet,SO5WL,20,23,3,152,1,0.006578947368421052,-50.333333333333336,-19.0,1900,1,-20..-15
20m,wspr_2023-06-15_20m.parquet,VE7CCY,33,43,10,73,33,0.4520547945205479,-4.0,-21.0,200,52,-22..-20
20m,wspr_2023-06-15_20m.parquet,W6LVP,13,17,4,1,1,1.0,0.0,-17.0,1,1,-20..-15
20m,wspr_2023-06-15_20m.parquet,W6LVP,17,23,6,1,1,1.0,0.0,-17.0,1,1,-20..-15
20m,wspr_2023-06-15_20m.parquet,W6LVP,23,33,10,1,1,1.0,0.0,-29.0,1,1,-30..-28
20m,wspr_2023-06-15_20m.parquet,W6LVP,33,40,7,1,2,2.0,0.14285714285714285,-10.0,1,2,>-15
20m,wspr_2023-06-15_20m.parquet,W7WKR,30,33,3,21,16,0.7619047619047619,-1.6666666666666667,-16.0,797,622,-20..-15
20m,wspr_2023-06-15_20m.parquet,YO3HOT/1,0,3,3,28,38,1.3571428571428572,3.3333333333333335,-25.0,113,82,-26..-24
20m,wspr_2023-06-15_20m.parquet,YO3HOT/1,3,7,4,38,2,0.05263157894736842,-9.0,-18.0,82,2,-20..-15
20m,wspr_2023-06-15_20m.parquet,YO3HOT/1,7,10,3,2,32,16.0,10.0,-23.0,2,44,-24..-22
20m,wspr_2023-06-15_20m.parquet,YO3HOT/1,10,13,3,32,32,1.0,0.0,-18.5,44,50,-20..-15
20m,wspr_2023-06-15_20m.parquet,YO3HOT/1,13,17,4,32,31,0.96875,-0.25,-17.0,50,44,-20..-15
20m,wspr_2023-06-15_20m.parquet,YO3HOT/1,17,20,3,31,24,0.7741935483870968,-2.3333333333333335,-19.0,44,27,-20..-15
20m,wspr_2023-06-15_20m.parquet,YO3HOT/1,20,23,3,24,39,1.625,5.0,-21.0,27,120,-22..-20
20m,wspr_2023-06-15_20m.parquet,YO3HOT/1,23,27,4,39,17,0.4358974358974359,-5.5,-21.0,120,17,-22..-20
20m,wspr_2023-06-15_20m.parquet,YO3HOT/1,27,30,3,17,31,1.8235294117647058,4.666666666666667,-20.0,17,31,-22..-20
20m,wspr_2023-06-15_20m.parquet,YO3HOT/1,30,33,3,31,42,1.3548387096774193,3.6666666666666665,-21.0,31,71,-22..-20
20m,wspr_2023-06-15_20m.parquet,YO3HOT/1,33,37,4,42,42,1.0,0.0,-19.0,71,77,-20..-15
20m,wspr_2023-06-15_20m.parquet,YO3HOT/1,37,40,3,42,35,0.8333333333333334,-2.3333333333333335,-19.0,77,64,-20..-15
20m,wspr_2023-06-15_20m.parquet,YO3HOT/1,40,43,3,35,22,0.6285714285714286,-4.333333333333333,-17.0,64,30,-20..-15
20m,wspr_2023-06-15_20m.parquet,YO3HOT/1,43,47,4,22,22,1.0,0.0,-17.5,30,22,-20..-15
20m,wspr_2023-06-15_20m.parquet,YO3HOT/1,47,50,3,22,3,0.13636363636363635,-6.333333333333333,-17.0,22,3,-20..-15
20m,wspr_2023-06-15_20m.parquet,YO3HOT/1,50,53,3,3,11,3.6666666666666665,2.6666666666666665,-6.0,3,11,>-15
20m,wspr_2023-06-19_20m.parquet,2E0OUE,40,47,7,29,63,2.1724137931034484,4.857142857142857,-18.0,68,100,-20..-15
20m,wspr_2023-06-19_20m.parquet,AC6RB/A,0,3,3,6,4,0.6666666666666666,-0.6666666666666666,-24.0,13,10,-26..-24
20m,wspr_2023-06-19_20m.parquet,DF4IAF,20,27,7,59,59,1.0,0.0,-14.0,137,146,>-15
20m,wspr_2023-06-19_20m.parquet,EA6ALL,20,23,3,1,203,203.0,67.33333333333333,-6.0,1,3655,>-15
20m,wspr_2023-06-19_20m.parquet,EA6GJ,20,23,3,299,2,0.006688963210702341,-99.0,-15.0,6234,2,-20..-15
20m,wspr_2023-06-19_20m.parquet,IN3JIF,33,40,7,57,43,0.7543859649122807,-2.0,-20.0,98,43,-22..-20
20m,wspr_2023-06-19_20m.parquet,K1FQY,0,7,7,14,15,1.0714285714285714,0.14285714285714285,-22.0,28,24,-24..-22
20m,wspr_2023-06-19_20m.parquet,K1FQY,7,13,6,15,16,1.0666666666666667,0.16666666666666666,-22.0,24,34,-24..-22
20m,wspr_2023-06-19_20m.parquet,K5XL,33,37,4,407,268,0.6584766584766585,-34.75,-13.0,10987,2921,>-15
20m,wspr_2023-06-19_20m.parquet,KG7LXJ,37,40,3,123,3,0.024390243902439025,-40.0,-13.0,174,19,>-15
20m,wspr_2023-06-19_20m.parquet,KO4WYX,37,40,3,64,148,2.3125,28.0,-17.5,64,224,-20..-15
20m,wspr_2023-06-19_20m.parquet,KO4WYX,40,43,3,148,116,0.7837837837837838,-10.666666666666666,-13.0,224,325,>-15
20m,wspr_2023-06-19_20m.parquet,KO6AEE,30,37,7,70,58,0.8285714285714286,-1.7142857142857142,-17.0,70,100,-20..-15
20m,wspr_2023-06-19_20m.parquet,M0BSI,33,37,4,328,1,0.003048780487804878,-81.75,-17.0,6264,1,-20..-15
20m,wspr_2023-06-19_20m.parquet,M6KNG,33,37,4,71,69,0.971830985915493,-0.5,-16.0,71,179,-20..-15
20m,wspr_2023-06-19_20m.parquet,MR0JBA,10,13,3,9,16,1.7777777777777777,2.3333333333333335,-21.0,88,100,-22..-20
20m,wspr_2023-06-19_20m.parquet,N0RVS,30,37,7,25,23,0.92,-0.2857142857142857,-19.0,34,23,-20..-15
20m,wspr_2023-06-19_20m.parquet,N8NJ,30,33,3,1,378,378.0,125.66666666666667,-7.0,1,7451,>-15
20m,wspr_2023-06-19_20m.parquet,R2BIY,30,37,7,63,91,1.4444444444444444,4.0,-22.0,191,182,-24..-22
20m,wspr_2023-06-19_20m.parquet,R2BIY,37,40,3,91,90,0.989010989010989,-0.3333333333333333,-21.0,182,171,-22..-20
20m,wspr_2023-06-19_20m.parquet,R2BIY,40,43,3,90,112,1.2444444444444445,7.333333333333333,-19.0,171,408,-20..-15
20m,wspr_2023-06-19_20m.parquet,WA1DZH,0,7,7,1,4,4.0,0.42857142857142855,-25.0,1,17,-26..-24
20m,wspr_2023-06-19_20m.parquet,WA1DZH,7,13,6,4,9,2.25,0.8333333333333334,-22.0,17,27,-24..-22
20m,wspr_2023-06-19_20m.parquet,WA9ZPM,30,33,3,105,108,1.0285714285714285,1.0,-17.0,325,108,-20..-15
20m,wspr_2023-06-19_20m.parquet,WW4ET,30,37,7,105,173,1.6476190476190475,9.714285714285714,-18.0,183,375,-20..-15
20m,wspr_2023-06-20_20m.parquet,040VTP,3,7,4,13,8,0.6153846153846154,-1.25,-22.0,13,8,-24..-22
20m,wspr_2023-06-20_20m.parquet,0W0HWJ,20,30,10,12,14,1.1666666666666667,0.2,-20.0,16,14,-22..-20
20m,wspr_2023-06-20_20m.parquet,2E0HYX,30,33,3,64,150,2.34375,28.666666666666668,-20.0,255,953,-22..-20
20m,wspr_2023-06-20_20m.parquet,AC6RB/A,0,3,3,4,3,0.75,-0.3333333333333333,-23.5,10,13,-24..-22
20m,wspr_2023-06-20_20m.parquet,DL1FX,20,23,3,184,1,0.005434782608695652,-61.0,-14.0,2523,1,>-15
20m,wspr_2023-06-20_20m.parquet,G8KHW,17,20,3,16,2,0.125,-4.666666666666667,-22.0,42,2,-24..-22
20m,wspr_2023-06-20_20m.parquet,G8LDJ,30,37,7,136,179,1.3161764705882353,6.142857142857143,-12.0,1244,1863,>-15
20m,wspr_2023-06-20_20m.parquet,GM1BAN,23,27,4,130,1,0.007692307692307693,-32.25,-19.0,978,1,-20..-15
20m,wspr_2023-06-20_20m.parquet,GM3RQQ,30,37,7,1,9,9.0,1.1428571428571428,-17.0,1,14,-20..-15
20m,wspr_2023-06-20_20m.parquet,K1FQY,0,7,7,7,17,2.4285714285714284,1.4285714285714286,-23.0,7,33,-24..-22
20m,wspr_2023-06-20_20m.parquet,K1FQY,7,13,6,17,25,1.4705882352941178,1.3333333333333333,-21.0,33,64,-22..-20
20m,wspr_2023-06-20_20m.parquet,K5XL,33,37,4,290,376,1.296551724137931,21.5,-14.0,5393,8793,>-15
20m,wspr_2023-06-20_20m.parquet,KD0QHZ,37,40,3,46,6,0.13043478260869565,-13.333333333333334,-9.0,73,6,>-15
20m,wspr_2023-06-20_20m.parquet,KN6KTX,40,50,10,51,54,1.0588235294117647,0.3,-19.0,51,87,-20..-15
20m,wspr_2023-06-20_20m.parquet,N5AQM,27,37,10,74,94,1.2702702702702702,2.0,-17.0,141,202,-20..-15
20m,wspr_2023-06-20_20m.parquet,N6YWU,20,30,10,2,21,10.5,1.9,-23.5,4,34,-24..-22
20m,wspr_2023-06-20_20m.parquet,OH8HTG,30,33,3,9,5,0.5555555555555556,-1.3333333333333333,-15.5,10,5,-20..-15
20m,wspr_2023-06-20_20m.parquet,ON4WS,27,30,3,230,1,0.004347826086956522,-76.33333333333333,-14.0,3764,2,>-15
20m,wspr_2023-06-20_20m.parquet,R2BIY,30,37,7,44,74,1.6818181818181819,4.285714285714286,-24.0,64,138,-26..-24
20m,wspr_2023-06-20_20m.parquet,R2BIY,37,40,3,74,95,1.2837837837837838,7.0,-19.5,138,198,-20..-15
20m,wspr_2023-06-20_20m.parquet,R2BIY,40,43,3,95,86,0.9052631578947369,-3.0,-19.0,198,127,-20..-15
20m,wspr_2023-06-20_20m.parquet,S51RS,10,20,10,61,1,0.01639344262295082,-6.0,-19.0,276,1,-20..-15
20m,wspr_2023-06-20_20m.parquet,UA1ZQN,33,37,4,37,152,4.108108108108108,28.75,-14.0,110,1352,>-15
20m,wspr_2023-06-20_20m.parquet,VE2DPF,33,37,4,1,350,350.0,87.25,-29.0,1,8754,-30..-28
20m,wspr_2023-06-20_20m.parquet,WR4I,17,23,6,1,180,180.0,29.833333333333332,-23.0,1,3932,-24..-22
20m,wspr_2023-06-21_20m.parquet,0Q0EHK,17,20,3,21,19,0.9047619047619048,-0.6666666666666666,-21.0,21,19,-22..-20
20m,wspr_2023-06-21_20m.parquet,0Q0NTX,47,57,10,40,33,0.825,-0.7,-21.0,98,74,-22..-20
20m,wspr_2023-06-21_20m.parquet,AC0G,23,27,4,141,1,0.0070921985815602835,-35.0,-21.0,1370,1,-22..-20
20m,wspr_2023-06-21_20m.parquet,AC6RB/A,0,3,3,7,2,0.2857142857142857,-1.6666666666666667,-25.5,24,6,-26..-24
20m,wspr_2023-06-21_20m.parquet,AF5GM,37,43,6,171,135,0.7894736842105263,-6.0,-13.0,450,344,>-15
20m,wspr_2023-06-21_20m.parquet,AJ1Z,37,43,6,154,282,1.8311688311688312,21.333333333333332,-17.0,1009,3000,-20..-15
20m,wspr_2023-06-21_20m.parquet,DB1NN,30,33,3,88,197,2.2386363636363638,36.333333333333336,-17.0,204,1596,-20..-15
20m,wspr_2023-06-21_20m.parquet,DF4EU,20,23,3,204,198,0.9705882352941176,-2.0,-17.0,4375,2223,-20..-15
20m,wspr_2023-06-21_20m.parquet,DM8TE,37,43,6,39,92,2.358974358974359,8.833333333333334,-8.0,39,152,>-15
20m,wspr_2023-06-21_20m.parquet,EU2OO,40,43,3,97,89,0.9175257731958762,-2.6666666666666665,-12.0,153,193,>-15
20m,wspr_2023-06-21_20m.parquet,KC2TER,33,37,4,325,1,0.003076923076923077,-81.0,-19.0,4496,1,-20..-15
20m,wspr_2023-06-21_20m.parquet,KC5FOG,23,27,4,197,1,0.005076142131979695,-49.0,-18.0,12025,1,-20..-15
20m,wspr_2023-06-21_20m.parquet,KC9LGS/7,0,7,7,1,1,1.0,0.0,-1.0,1,1,>-15
20m,wspr_2023-06-21_20m.parquet,KC9LGS/7,7,13,6,1,1,1.0,0.0,-27.0,1,1,-28..-26
20m,wspr_2023-06-21_20m.parquet,KD9VLZ,30,37,7,161,171,1.062111801242236,1.4285714285714286,-18.0,1088,617,-20..-15
20m,wspr_2023-06-21_20m.parquet,N5AQM,27,37,10,87,172,1.9770114942528736,8.5,-18.0,132,541,-20..-15
20m,wspr_2023-06-21_20m.parquet,N6YWU,20,30,10,2,23,11.5,2.1,-12.5,2,33,>-15
20m,wspr_2023-06-21_20m.parquet,NI5F,30,37,7,1,368,368.0,52.42857142857143,-23.0,1,11196,-24..-22
20m,wspr_2023-06-21_20m.parquet,ON3GMB,20,27,7,64,91,1.421875,3.857142857142857,-11.0,192,287,>-15
20m,wspr_2023-06-21_20m.parquet,ON4WS,20,27,7,1,260,260.0,37.0,-22.0,1,4951,-24..-22
20m,wspr_2023-06-21_20m.parquet,R2BIY,30,37,7,38,119,3.1315789473684212,11.571428571428571,-21.0,64,303,-22..-20
20m,wspr_2023-06-21_20m.parquet,R2BIY,37,40,3,119,115,0.9663865546218487,-1.3333333333333333,-20.0,303,251,-22..-20
20m,wspr_2023-06-21_20m.parquet,R2BIY,40,43,3,115,106,0.9217391304347826,-3.0,-18.0,251,172,-20..-15
20m,wspr_2023-06-21_20m.parquet,W5CPU,37,47,10,56,105,1.875,4.9,-8.0,89,105,>-15
20m,wspr_2023-06-21_20m.parquet,WA9WTK,37,40,3,1,343,343.0,114.0,-12.5,2,1446,>-15
20m,wspr_2023-06-22_20m.parquet,AJ1Z,33,40,7,1,142,142.0,20.142857142857142,-18.0,1,716,-20..-15
20m,wspr_2023-06-22_20m.parquet,AJ1Z,40,43,3,142,21,0.14788732394366197,-40.333333333333336,-17.0,716,23,-20..-15
20m,wspr_2023-06-22_20m.parquet,DK8JP,23,30,7,50,81,1.62,4.428571428571429,-17.0,141,344,-20..-15
20m,wspr_2023-06-22_20m.parquet,G1VWC,27,30,3,23,93,4.043478260869565,23.333333333333332,-17.0,83,428,-20..-15
20m,wspr_2023-06-22_20m.parquet,G8LDJ,30,37,7,205,259,1.2634146341463415,7.714285714285714,-12.0,3557,5621,>-15
20m,wspr_2023-06-22_20m.parquet,IU2PJI,13,23,10,1,242,242.0,24.1,-27.0,1,2094,-28..-26
20m,wspr_2023-06-22_20m.parquet,KC6WPK,37,43,6,46,76,1.6521739130434783,5.0,-11.0,78,76,>-15
20m,wspr_2023-06-22_20m.parquet,KE5ES,27,37,10,35,8,0.22857142857142856,-2.7,-19.0,35,8,-20..-15
20m,wspr_2023-06-22_20m.parquet,KG4ODC,23,27,4,153,1,0.006535947712418301,-38.0,-18.0,3291,1,-20..-15
20m,wspr_2023-06-22_20m.parquet,KI4NVX,33,37,4,41,23,0.5609756097560976,-4.5,-19.0,41,23,-20..-15
20m,wspr_2023-06-22_20m.parquet,N4JJS,17,23,6,1,295,295.0,49.0,-22.0,1,3210,-24..-22
20m,wspr_2023-06-22_20m.parquet,NI5F,30,37,7,1,383,383.0,54.57142857142857,-15.0,2,12590,-20..-15
20m,wspr_2023-06-22_20m.parquet,R2BIY,30,37,7,71,127,1.7887323943661972,8.0,-21.0,232,463,-22..-20
20m,wspr_2023-06-22_20m.parquet,R2BIY,37,40,3,127,124,0.9763779527559056,-1.0,-19.0,463,253,-20..-15
20m,wspr_2023-06-22_20m.parquet,UA1ZQN,30,37,7,208,48,0.23076923076923078,-22.857142857142858,-19.0,4439,48,-20..-15
20m,wspr_2023-06-22_20m.parquet,VE0FQ,30,37,7,182,120,0.6593406593406593,-8.857142857142858,-8.0,182,120,>-15
20m,wspr_2023-06-22_20m.parquet,VE6UL,30,33,3,3,1,0.3333333333333333,-0.6666666666666666,-18.0,5,1,-20..-15
20m,wspr_2023-06-23_20m.parquet,2E0HYX,23,30,7,37,75,2.027027027027027,5.428571428571429,-19.0,200,99,-20..-15
20m,wspr_2023-06-23_20m.parquet,2E0HYX,30,33,3,75,113,1.5066666666666666,12.666666666666666,-13.0,99,290,>-15
20m,wspr_2023-06-23_20m.parquet,AC6RB/A,0,3,3,2,1,0.5,-0.3333333333333333,-26.0,2,1,-28..-26
20m,wspr_2023-06-23_20m.parquet,AE0NB,37,43,6,70,55,0.7857142857142857,-2.5,-12.0,115,55,>-15
20m,wspr_2023-06-23_20m.parquet,AG7UT,30,37,7,1,128,128.0,18.142857142857142,-25.0,1,213,-26..-24
20m,wspr_2023-06-23_20m.parquet,AJ1Z,33,43,10,13,170,13.076923076923077,15.7,-12.0,13,212,>-15
20m,wspr_2023-06-23_20m.parquet,DG8GAD,27,30,3,44,183,4.159090909090909,46.333333333333336,-20.0,66,2017,-22..-20
20m,wspr_2023-06-23_20m.parquet,DK3BI,23,33,10,30,147,4.9,11.7,-17.0,120,1895,-20..-15
20m,wspr_2023-06-23_20m.parquet,DL6NL,30,33,3,1,257,257.0,85.33333333333333,-17.0,1,4833,-20..-15
20m,wspr_2023-06-23_20m.parquet,G6LRE,37,40,3,40,153,3.825,37.666666666666664,-10.0,40,1588,>-15
20m,wspr_2023-06-23_20m.parquet,G8LDJ,30,37,7,228,305,1.337719298245614,11.0,-12.0,3515,7011,>-15
20m,wspr_2023-06-23_20m.parquet,IU4QSM,37,40,3,91,56,0.6153846153846154,-11.666666666666666,-12.0,175,56,>-15
20m,wspr_2023-06-23_20m.parquet,K3JYD,23,30,7,98,76,0.7755102040816326,-3.142857142857143,-16.0,1727,343,-20..-15
20m,wspr_2023-06-23_20m.parquet,K3JYD,30,37,7,76,57,0.75,-2.7142857142857144,-11.0,343,89,>-15
20m,wspr_2023-06-23_20m.parquet,K6WLD,40,50,10,149,146,0.9798657718120806,-0.3,-14.0,904,256,>-15
20m,wspr_2023-06-23_20m.parquet,KD0QHZ,37,40,3,159,136,0.8553459119496856,-7.666666666666667,-11.0,769,318,>-15
20m,wspr_2023-06-23_20m.parquet,KD6RC,23,27,4,129,1,0.007751937984496124,-32.0,-21.0,1446,1,-22..-20
20m,wspr_2023-06-23_20m.parquet,KG4ODC,23,27,4,175,1,0.005714285714285714,-43.5,-18.0,3530,1,-20..-15
20m,wspr_2023-06-23_20m.parquet,MM7BWK,27,37,10,250,117,0.468,-13.3,-17.0,6161,946,-20..-15
20m,wspr_2023-06-23_20m.parquet,N8MIQ,30,37,7,119,160,1.3445378151260505,5.857142857142857,-18.0,582,661,-20..-15
20m,wspr_2023-06-23_20m.parquet,N9NIC,20,23,3,1,212,212.0,70.33333333333333,-22.0,1,2606,-24..-22
20m,wspr_2023-06-23_20m.parquet,NI5F,30,37,7,1,393,393.0,56.0,-28.0,1,14601,-30..-28
20m,wspr_2023-06-23_20m.parquet,R2BIY,30,37,7,80,122,1.525,6.0,-21.0,248,451,-22..-20
20m,wspr_2023-06-23_20m.parquet,R2BIY,37,40,3,122,57,0.4672131147540984,-21.666666666666668,-19.0,451,116,-20..-15
20m,wspr_2023-06-23_20m.parquet,R2BIY,40,43,3,57,123,2.1578947368421053,22.0,-22.0,116,343,-24..-22
20m,wspr_2023-06-23_20m.parquet,VA2ONE,43,47,4,164,52,0.3170731707317073,-28.0,-12.0,225,52,>-15
20m,wspr_2023-06-23_20m.parquet,WB5SRK,23,30,7,64,1,0.015625,-9.0,-21.0,271,1,-22..-20
20m,wspr_2023-06-24_20m.parquet,AC6RB/A,0,3,3,1,1,1.0,0.0,-28.0,3,6,-30..-28
20m,wspr_2023-06-24_20m.parquet,AJ1Z,40,43,3,218,112,0.5137614678899083,-35.333333333333336,-11.0,388,174,>-15
20m,wspr_2023-06-24_20m.parquet,DG8GAD,27,30,3,9,145,16.11111111111111,45.333333333333336,-21.0,9,1728,-22..-20
20m,wspr_2023-06-24_20m.parquet,EA6ALL,20,23,3,1,239,239.0,79.33333333333333,-11.0,1,5956,>-15
20m,wspr_2023-06-24_20m.parquet,EC2AQW,23,27,4,43,35,0.813953488372093,-2.0,-18.0,43,35,-20..-15
20m,wspr_2023-06-24_20m.parquet,G4MUV,33,37,4,43,35,0.813953488372093,-2.0,-14.0,108,95,>-15
20m,wspr_2023-06-24_20m.parquet,GW5PH,27,37,10,83,104,1.2530120481927711,2.1,-12.0,83,176,>-15
20m,wspr_2023-06-24_20m.parquet,K5WH/B,0,3,3,23,16,0.6956521739130435,-2.3333333333333335,-22.0,94,34,-24..-22
20m,wspr_2023-06-24_20m.parquet,K5WH/B,3,7,4,16,16,1.0,0.0,-22.0,34,25,-24..-22
20m,wspr_2023-06-24_20m.parquet,K5WH/B,7,10,3,16,8,0.5,-2.6666666666666665,-22.0,25,9,-24..-22
20m,wspr_2023-06-24_20m.parquet,K5WH/B,10,13,3,8,9,1.125,0.3333333333333333,-22.0,9,9,-24..-22
20m,wspr_2023-06-24_20m.parquet,K5WH/B,13,17,4,9,2,0.2222222222222222,-1.75,-20.0,9,2,-22..-20
20m,wspr_2023-06-24_20m.parquet,K5WH/B,17,20,3,2,2,1.0,0.0,-8.0,2,2,>-15
20m,wspr_2023-06-24_20m.parquet,K5WH/B,20,23,3,2,9,4.5,2.3333333333333335,-13.0,2,23,>-15
20m,wspr_2023-06-24_20m.parquet,K5WH/B,23,27,4,9,5,0.5555555555555556,-1.0,-20.0,23,7,-22..-20
20m,wspr_2023-06-24_20m.parquet,K5WH/B,27,30,3,5,10,2.0,1.6666666666666667,-23.0,7,12,-24..-22
20m,wspr_2023-06-24_20m.parquet,K5WH/B,30,33,3,10,18,1.8,2.6666666666666665,-21.5,12,23,-22..-20
20m,wspr_2023-06-24_20m.parquet,K5WH/B,33,37,4,18,4,0.2222222222222222,-3.5,-24.0,23,4,-26..-24
20m,wspr_2023-06-24_20m.parquet,K5WH/B,37,40,3,4,13,3.25,3.0,-15.5,4,13,-20..-15
20m,wspr_2023-06-24_20m.parquet,K5WH/B,40,43,3,13,26,2.0,4.333333333333333,-24.0,13,74,-26..-24
20m,wspr_2023-06-24_20m.parquet,K5WH/B,43,47,4,26,27,1.0384615384615385,0.25,-22.5,74,76,-24..-22
20m,wspr_2023-06-24_20m.parquet,K5WH/B,47,50,3,27,38,1.4074074074074074,3.6666666666666665,-23.0,76,237,-24..-22
20m,wspr_2023-06-24_20m.parquet,KC2TER,30,33,3,1,284,284.0,94.33333333333333,-4.0,1,4398,>-15
20m,wspr_2023-06-24_20m.parquet,KD2SVB,23,30,7,64,6,0.09375,-8.285714285714286,-23.0,261,6,-24..-22
20m,wspr_2023-06-24_20m.parquet,KZ4U,23,33,10,254,1,0.003937007874015748,-25.3,-18.0,5573,1,-20..-15
20m,wspr_2023-06-24_20m.parquet,OH4MSJ,23,27,4,1,14,14.0,3.25,-25.5,2,61,-26..-24
20m,wspr_2023-06-24_20m.parquet,R2BIY,30,37,7,63,88,1.3968253968253967,3.5714285714285716,-20.0,143,157,-22..-20
20m,wspr_2023-06-24_20m.parquet,R2BIY,37,40,3,88,69,0.7840909090909091,-6.333333333333333,-19.0,157,69,-20..-15
20m,wspr_2023-06-24_20m.parquet,SQ2HDO,37,43,6,30,78,2.6,8.0,-9.5,30,119,>-15
20m,wspr_2023-06-24_20m.parquet,VA3UAL,7,10,3,1,95,95.0,31.333333333333332,-24.0,1,1280,-26..-24
20m,wspr_2023-06-24_20m.parquet,WA3DNM,33,37,4,1,357,357.0,89.0,-27.0,1,4881,-28..-26
20m,wspr_2023-06-25_20m.parquet,0P8THS,20,23,3,13,11,0.8461538461538461,-0.6666666666666666,-25.0,13,11,-26..-24
20m,wspr_2023-06-25_20m.parquet,AA1AH,20,23,3,1,235,235.0,78.0,-30.0,1,2763,≤-30
20m,wspr_2023-06-25_20m.parquet,AC6RB/A,0,3,3,5,5,1.0,0.0,-24.0,23,15,-26..-24
20m,wspr_2023-06-25_20m.parquet,DB1MIC,30,33,3,90,76,0.8444444444444444,-4.666666666666667,-15.0,201,249,-20..-15
20m,wspr_2023-06-25_20m.parquet,DD5MA,13,20,7,2,13,6.5,1.5714285714285714,-15.0,2,21,-20..-15
20m,wspr_2023-06-25_20m.parquet,DD5WA,30,37,7,39,33,0.8461538461538461,-0.8571428571428571,-19.0,113,99,-20..-15
20m,wspr_2023-06-25_20m.parquet,EA6ALL,20,23,3,1,231,231.0,76.66666666666667,-13.0,1,3995,>-15
20m,wspr_2023-06-25_20m.parquet,EA6GJ,20,23,3,315,1,0.0031746031746031746,-104.66666666666667,-15.0,6669,1,-20..-15
20m,wspr_2023-06-25_20m.parquet,G4MUV,27,33,6,7,63,9.0,9.333333333333334,-16.0,8,266,-20..-15
20m,wspr_2023-06-25_20m.parquet,GW5PH,27,30,3,56,111,1.9821428571428572,18.333333333333332,-8.5,56,192,>-15
20m,wspr_2023-06-25_20m.parquet,IU4QSM,37,47,10,67,74,1.1044776119402986,0.7,-13.0,103,74,>-15
20m,wspr_2023-06-25_20m.parquet,K4IZZ,37,40,3,157,74,0.4713375796178344,-27.666666666666668,-16.0,461,74,-20..-15
20m,wspr_2023-06-25_20m.parquet,K4IZZ,40,43,3,74,144,1.945945945945946,23.333333333333332,-7.0,74,144,>-15
20m,wspr_2023-06-25_20m.parquet,K5WH/B,20,23,3,15,11,0.7333333333333333,-1.3333333333333333,-16.0,69,21,-20..-15
20m,wspr_2023-06-25_20m.parquet,KC1FOL,33,37,4,70,120,1.7142857142857142,12.5,-15.0,102,525,-20..-15
20m,wspr_2023-06-25_20m.parquet,KI7OSK,37,40,3,50,101,2.02,17.0,-16.0,50,160,-20..-15
20m,wspr_2023-06-25_20m.parquet,KK7KSC,30,33,3,92,113,1.2282608695652173,7.0,-19.0,585,683,-20..-15
20m,wspr_2023-06-25_20m.parquet,KW6CW,43,47,4,80,1,0.0125,-19.75,-19.0,185,1,-20..-15
20m,wspr_2023-06-25_20m.parquet,M6KNG,30,33,3,46,3,0.06521739130434782,-14.333333333333334,-19.0,75,3,-20..-15
20m,wspr_2023-06-25_20m.parquet,N5TTT,30,37,7,26,23,0.8846153846153846,-0.42857142857142855,-18.5,88,34,-20..-15
20m,wspr_2023-06-25_20m.parquet,QO3YPB,30,40,10,5,1,0.2,-0.4,-20.0,5,1,-22..-20
20m,wspr_2023-06-25_20m.parquet,R2BIY,30,37,7,45,108,2.4,9.0,-23.0,67,242,-24..-22
20m,wspr_2023-06-25_20m.parquet,R2BIY,37,40,3,108,74,0.6851851851851852,-11.333333333333334,-20.0,242,94,-22..-20
20m,wspr_2023-06-25_20m.parquet,R6LNL,30,37,7,38,37,0.9736842105263158,-0.14285714285714285,-16.5,38,37,-20..-15
20m,wspr_2023-06-25_20m.parquet,TA1YEP,0,3,3,35,57,1.6285714285714286,7.333333333333333,-17.0,35,107,-20..-15
20m,wspr_2023-06-25_20m.parquet,TA1YEP,17,20,3,59,87,1.4745762711864407,9.333333333333334,-19.0,133,317,-20..-15
20m,wspr_2023-06-25_20m.parquet,WW4ET,27,30,3,85,73,0.8588235294117647,-4.0,-19.0,168,125,-20..-15
40m,wspr_2023-05-15_40m.parquet,DG7MA,0,3,3,170,170,1.0,0.0,-10.0,1046,754,>-15
40m,wspr_2023-05-15_40m.parquet,DL1FX,20,23,3,1,260,260.0,86.33333333333333,-19.0,1,9927,-20..-15
40m,wspr_2023-05-15_40m.parquet,DL1TFI,23,30,7,1,101,101.0,14.285714285714286,-11.0,1,316,>-15
40m,wspr_2023-05-15_40m.parquet,DL3EL,20,30,10,176,135,0.7670454545454546,-4.1,-10.0,617,426,>-15
40m,wspr_2023-05-15_40m.parquet,DL3YAV,30,37,7,191,140,0.7329842931937173,-7.285714285714286,-9.0,2375,325,>-15
40m,wspr_2023-05-15_40m.parquet,EI8EUB,27,33,6,136,139,1.0220588235294117,0.5,-1.0,233,178,>-15
40m,wspr_2023-05-15_40m.parquet,EW1LN,30,40,10,137,1,0.0072992700729927005,-13.6,-18.0,1632,1,-20..-15
40m,wspr_2023-05-15_40m.parquet,F6KPL,20,30,10,93,267,2.870967741935484,17.4,-21.0,566,5698,-22..-20
40m,wspr_2023-05-15_40m.parquet,KC1PHY,40,43,3,180,244,1.3555555555555556,21.333333333333332,-6.0,180,425,>-15
40m,wspr_2023-05-15_40m.parquet,M0PPP,33,37,4,150,111,0.74,-9.75,-9.0,402,111,>-15
40m,wspr_2023-05-15_40m.parquet,M0PPP,37,40,3,111,114,1.027027027027027,1.0,-8.0,111,114,>-15
40m,wspr_2023-05-15_40m.parquet,MM7BWK,33,37,4,177,249,1.4067796610169492,18.0,-12.0,2416,7846,>-15
40m,wspr_2023-05-15_40m.parquet,N3AGE,23,30,7,21,33,1.5714285714285714,1.7142857142857142,-14.0,4903,137,>-15
40m,wspr_2023-05-15_40m.parquet,PA2HGJ,3,10,7,78,102,1.3076923076923077,3.4285714285714284,-24.0,1156,1834,-26..-24
40m,wspr_2023-05-15_40m.parquet,PA3BUL,33,37,4,33,130,3.9393939393939394,24.25,-27.0,102,707,-28..-26
40m,wspr_2023-05-15_40m.parquet,PA3GWH,30,33,3,157,131,0.8343949044585988,-8.666666666666666,-7.0,971,242,>-15
40m,wspr_2023-05-15_40m.parquet,WR1M,33,37,4,15,118,7.866666666666666,25.75,-13.0,15,141,>-15
40m,wspr_2023-05-16_40m.parquet,DC1UI,37,40,3,109,27,0.24770642201834864,-27.333333333333332,-12.5,202,44,>-15
40m,wspr_2023-05-16_40m.parquet,DF7PE,23,27,4,112,1,0.008928571428571428,-27.75,-20.0,1673,1,-22..-20
40m,wspr_2023-05-16_40m.parquet,DG8GAD,7,10,3,1,3,3.0,0.6666666666666666,-25.0,1,4,-26..-24
40m,wspr_2023-05-16_40m.parquet,DG8GAD,10,13,3,3,6,2.0,1.0,-23.5,4,19,-24..-22
40m,wspr_2023-05-16_40m.parquet,DG8GAD,13,17,4,6,6,1.0,0.0,-25.0,19,16,-26..-24
40m,wspr_2023-05-16_40m.parquet,DG8GAD,17,20,3,6,1,0.16666666666666666,-1.6666666666666667,-25.0,16,1,-26..-24
40m,wspr_2023-05-16_40m.parquet,DG8GAD,20,23,3,1,3,3.0,0.6666666666666666,-26.0,1,3,-28..-26
40m,wspr_2023-05-16_40m.parquet,DG8GAD,23,27,4,3,47,15.666666666666666,11.0,-27.0,3,446,-28..-26
40m,wspr_2023-05-16_40m.parquet,DL3EL,20,30,10,153,86,0.5620915032679739,-6.7,-12.0,899,131,>-15
40m,wspr_2023-05-16_40m.parquet,F6KPL,20,30,10,76,269,3.539473684210526,19.3,-20.0,526,6214,-22..-20
40m,wspr_2023-05-16_40m.parquet,IW1QLH,17,27,10,123,7,0.056910569105691054,-11.6,-21.0,2435,18,-22..-20
40m,wspr_2023-05-16_40m.parquet,IZ2QKG,27,33,6,69,87,1.2608695652173914,3.0,-16.0,69,87,-20..-15
40m,wspr_2023-05-16_40m.parquet,IZ2QKG,33,37,4,87,115,1.3218390804597702,7.0,-9.0,87,115,>-15
40m,wspr_2023-05-16_40m.parquet,K9FX,37,43,6,59,60,1.0169491525423728,0.16666666666666666,-8.0,59,60,>-15
40m,wspr_2023-05-16_40m.parquet,KD0J,13,23,10,100,39,0.39,-6.1,-19.0,2244,744,-20..-15
40m,wspr_2023-05-16_40m.parquet,KF0MJC,47,50,3,65,34,0.5230769230769231,-10.333333333333334,-9.0,178,34,>-15
40m,wspr_2023-05-16_40m.parquet,M0VPZ,37,43,6,130,115,0.8846153846153846,-2.5,-13.0,748,241,>-15
40m,wspr_2023-05-16_40m.parquet,N5AQM,27,30,3,93,130,1.3978494623655915,12.333333333333334,-11.0,212,636,>-15
40m,wspr_2023-05-16_40m.parquet,N6YWU,20,30,10,26,30,1.1538461538461537,0.4,-20.0,42,32,-22..-20
40m,wspr_2023-05-16_40m.parquet,N7EAL,37,40,3,20,30,1.5,3.3333333333333335,-8.5,40,30,>-15
40m,wspr_2023-05-16_40m.parquet,PA0DOC,30,37,7,2,5,2.5,0.42857142857142855,-14.5,2,5,>-15
40m,wspr_2023-05-16_40m.parquet,PA0KNW,23,30,7,27,174,6.444444444444445,21.0,-20.5,40,1647,-22..-20
40m,wspr_2023-05-16_40m.parquet,PA3BUL,23,33,10,6,7,1.1666666666666667,0.1,-27.0,13,9,-28..-26
40m,wspr_2023-05-17_40m.parquet,AC9YY,27,30,3,1,183,183.0,60.666666666666664,-18.0,1,5386,-20..-15
40m,wspr_2023-05-17_40m.parquet,AJ8S,33,37,4,1,343,343.0,85.5,-23.0,1,3076,-24..-22
40m,wspr_2023-05-17_40m.parquet,DK8ZV,30,33,3,146,127,0.8698630136986302,-6.333333333333333,-7.0,146,466,>-15
40m,wspr_2023-05-17_40m.parquet,DL3EL,20,30,10,21,179,8.523809523809524,15.8,-12.0,21,1061,>-15
40m,wspr_2023-05-17_40m.parquet,F4LVF,40,43,3,224,174,0.7767857142857143,-16.666666666666668,-1.0,1137,1962,>-15
40m,wspr_2023-05-17_40m.parquet,F6KPL,20,30,10,94,294,3.127659574468085,20.0,-21.0,829,7066,-22..-20
40m,wspr_2023-05-17_40m.parquet,G6XOU,0,3,3,155,153,0.9870967741935484,-0.6666666666666666,-10.0,1355,2920,>-15
40m,wspr_2023-05-17_40m.parquet,GM4CCN,20,23,3,73,168,2.3013698630136985,31.666666666666668,-10.0,110,866,>-15
40m,wspr_2023-05-17_40m.parquet,K1ABB,37,43,6,1,6,6.0,0.8333333333333334,-27.5,4,8,-28..-26
40m,wspr_2023-05-17_40m.parquet,KF0MJC,37,40,3,60,16,0.26666666666666666,-14.666666666666666,-13.0,317,16,>-15
40m,wspr_2023-05-17_40m.parquet,KF0MJC,40,47,7,16,163,10.1875,21.0,-13.0,16,666,>-15
40m,wspr_2023-05-17_40m.parquet,KG6WUN,33,43,10,92,171,1.858695652173913,7.9,-9.0,92,1559,>-15
40m,wspr_2023-05-17_40m.parquet,KI8FW,27,33,6,110,76,0.6909090909090909,-5.666666666666667,-15.0,350,120,-20..-15
40m,wspr_2023-05-17_40m.parquet,KN6ZFY,40,43,3,101,73,0.7227722772277227,-9.333333333333334,-12.0,1836,284,>-15
40m,wspr_2023-05-17_40m.parquet,M0IVI,30,37,7,143,146,1.020979020979021,0.42857142857142855,-6.0,373,372,>-15
40m,wspr_2023-05-17_40m.parquet,M0MGK,37,40,3,99,4,0.04040404040404041,-31.666666666666668,-6.0,99,4,>-15
40m,wspr_2023-05-17_40m.parquet,M0MGK,40,50,10,4,110,27.5,10.6,-10.5,4,110,>-15
40m,wspr_2023-05-17_40m.parquet,M6NHZ,7,17,10,1,253,253.0,25.2,-29.0,1,9024,-30..-28
40m,wspr_2023-05-17_40m.parquet,N7GEE,33,37,4,3,3,1.0,0.0,-21.5,18,3,-22..-20
40m,wspr_2023-05-17_40m.parquet,PA3BUL,30,33,3,12,65,5.416666666666667,17.666666666666668,-25.0,37,807,-26..-24
40m,wspr_2023-05-17_40m.parquet,PA3BUL,33,37,4,65,11,0.16923076923076924,-13.5,-14.0,807,11,>-15
40m,wspr_2023-05-17_40m.parquet,W7YG,33,37,4,1,329,329.0,82.0,-13.0,1,3343,>-15
40m,wspr_2023-05-18_40m.parquet,AJ8S,33,37,4,1,326,326.0,81.25,-15.0,5,4070,-20..-15
40m,wspr_2023-05-18_40m.parquet,DC5SD,43,47,4,137,114,0.8321167883211679,-5.75,6.0,245,211,>-15
40m,wspr_2023-05-18_40m.parquet,DK3ASE,37,40,3,124,91,0.7338709677419355,-11.0,-9.0,124,91,>-15
40m,wspr_2023-05-18_40m.parquet,DL1FX,17,23,6,1,257,257.0,42.666666666666664,-8.0,1,11757,>-15
40m,wspr_2023-05-18_40m.parquet,F6KPL,20,30,10,92,270,2.9347826086956523,17.8,-20.0,531,6445,-22..-20
40m,wspr_2023-05-18_40m.parquet,IW1QLH,17,27,10,137,17,0.12408759124087591,-12.0,-20.0,2824,17,-22..-20
40m,wspr_2023-05-18_40m.parquet,K7RNJ,37,40,3,8,8,1.0,0.0,-22.0,13,8,-24..-22
40m,wspr_2023-05-18_40m.parquet,KC1SFJ,30,37,7,46,29,0.6304347826086957,-2.4285714285714284,-6.0,106,29,>-15
40m,wspr_2023-05-18_40m.parquet,KG4ODC,23,27,4,1,215,215.0,53.5,-20.0,1,7518,-22..-20
40m,wspr_2023-05-18_40m.parquet,N7EAL,37,40,3,17,64,3.764705882352941,15.666666666666666,-12.0,41,187,>-15
40m,wspr_2023-05-18_40m.parquet,N7WWA,37,40,3,49,53,1.0816326530612246,1.3333333333333333,-3.0,49,53,>-15
40m,wspr_2023-05-18_40m.parquet,NI5F,33,37,4,1,327,327.0,81.5,-20.5,2,8083,-22..-20
40m,wspr_2023-05-18_40m.parquet,PA2W,27,37,10,6,93,15.5,8.7,-16.5,6,93,-20..-15
40m,wspr_2023-05-18_40m.parquet,VE6BSV,23,27,4,151,1,0.006622516556291391,-37.5,-17.0,3337,1,-20..-15
40m,wspr_2023-05-18_40m.parquet,VE7APF,30,37,7,5,1,0.2,-0.5714285714285714,-19.0,9,1,-20..-15
40m,wspr_2023-05-19_40m.parquet,AJ8S,33,37,4,1,309,309.0,77.0,-13.0,7,4630,>-15
40m,wspr_2023-05-19_40m.parquet,DG7MA,0,3,3,108,123,1.1388888888888888,5.0,-6.0,288,364,>-15
40m,wspr_2023-05-19_40m.parquet,DG8GAD,27,30,3,66,1,0.015151515151515152,-21.666666666666668,-25.0,983,1,-26..-24
40m,wspr_2023-05-19_40m.parquet,F6KPL,20,30,10,88,270,3.0681818181818183,18.2,-21.0,652,6533,-22..-20
40m,wspr_2023-05-19_40m.parquet,GM4UCD,37,40,3,1,58,58.0,19.0,-10.0,1,208,>-15
40m,wspr_2023-05-19_40m.parquet,KC1PHY,33,37,4,23,17,0.7391304347826086,-1.5,-6.5,40,36,>-15
40m,wspr_2023-05-19_40m.parquet,M0MBO,33,37,4,153,1,0.006535947712418301,-38.0,-8.0,3033,1,>-15
40m,wspr_2023-05-19_40m.parquet,N6YWU,20,30,10,13,27,2.076923076923077,1.4,-16.5,24,47,-20..-15
40m,wspr_2023-05-19_40m.parquet,OK2SAM,27,30,3,174,1,0.005747126436781609,-57.666666666666664,-16.0,6880,1,-20..-15
40m,wspr_2023-05-19_40m.parquet,WB5SRK,33,37,4,51,74,1.4509803921568627,5.75,-7.0,70,276,>-15
40m,wspr_2023-05-20_40m.parquet,DD5NT,30,33,3,32,28,0.875,-1.3333333333333333,-18.0,40,39,-20..-15
40m,wspr_2023-05-20_40m.parquet,DD5NT,33,37,4,28,20,0.7142857142857143,-2.0,-21.0,39,20,-22..-20
40m,wspr_2023-05-20_40m.parquet,DH0NAE,30,33,3,21,30,1.4285714285714286,3.0,-20.0,36,157,-22..-20
40m,wspr_2023-05-20_40m.parquet,DL3EL,20,30,10,101,99,0.9801980198019802,-0.2,-16.0,251,283,-20..-15
40m,wspr_2023-05-20_40m.parquet,ER1PLG,23,33,10,135,65,0.48148148148148145,-7.0,-21.0,1794,110,-22..-20
40m,wspr_2023-05-20_40m.parquet,F6KPL,20,30,10,75,253,3.3733333333333335,17.8,-22.0,308,4184,-24..-22
40m,wspr_2023-05-20_40m.parquet,G1MUM,10,13,3,61,56,0.9180327868852459,-1.6666666666666667,-23.0,432,128,-24..-22
40m,wspr_2023-05-20_40m.parquet,GM4EIW,27,37,10,89,26,0.29213483146067415,-6.3,-15.0,332,96,-20..-15
40m,wspr_2023-05-20_40m.parquet,K5RAB,27,37,10,25,21,0.84,-0.4,-22.5,32,45,-24..-22
40m,wspr_2023-05-20_40m.parquet,M0VPZ,37,43,6,40,107,2.675,11.166666666666666,-20.5,40,1059,-22..-20
40m,wspr_2023-05-20_40m.parquet,PA3GHJ,30,37,7,19,187,9.842105263157896,24.0,-19.0,19,411,-20..-15
40m,wspr_2023-05-20_40m.parquet,PD0P,37,43,6,63,60,0.9523809523809523,-0.5,-17.0,63,112,-20..-15
40m,wspr_2023-05-20_40m.parquet,W6MSU,30,33,3,20,14,0.7,-2.0,-19.0,58,25,-20..-15
40m,wspr_2023-05-21_40m.parquet,DG8GAD,13,17,4,66,45,0.6818181818181818,-5.25,-26.0,71,64,-28..-26
40m,wspr_2023-05-21_40m.parquet,DG8GAD,17,20,3,45,76,1.6888888888888889,10.333333333333334,-22.0,64,287,-24..-22
40m,wspr_2023-05-21_40m.parquet,DG8GAD,20,23,3,76,79,1.0394736842105263,1.0,-23.0,287,354,-24..-22
40m,wspr_2023-05-21_40m.parquet,DG8GAD,23,27,4,79,58,0.7341772151898734,-5.25,-23.0,354,474,-24..-22
40m,wspr_2023-05-21_40m.parquet,DK1KW,30,37,7,27,57,2.111111111111111,4.285714285714286,-22.0,27,158,-24..-22
40m,wspr_2023-05-21_40m.parquet,DK9PA,23,30,7,114,111,0.9736842105263158,-0.42857142857142855,-20.0,693,1141,-22..-20
40m,wspr_2023-05-21_40m.parquet,DK9PA,30,33,3,111,57,0.5135135135135135,-18.0,-21.0,1141,146,-22..-20
40m,wspr_2023-05-21_40m.parquet,DK9PA,33,37,4,57,44,0.7719298245614035,-3.25,-22.0,146,44,-24..-22
40m,wspr_2023-05-21_40m.parquet,F6KPL,20,30,10,66,272,4.121212121212121,20.6,-20.0,289,4999,-22..-20
40m,wspr_2023-05-21_40m.parquet,IW1QLH,17,27,10,134,31,0.23134328358208955,-10.3,-22.0,1851,69,-24..-22
40m,wspr_2023-05-21_40m.parquet,K9FX,30,37,7,68,91,1.338235294117647,3.2857142857142856,-19.0,68,223,-20..-15
40m,wspr_2023-05-21_40m.parquet,KD9HUR,33,37,4,29,61,2.103448275862069,8.0,-19.0,29,61,-20..-15
40m,wspr_2023-05-21_40m.parquet,KJ7VJG,27,30,3,42,49,1.1666666666666667,2.3333333333333335,-11.5,42,59,>-15
40m,wspr_2023-05-21_40m.parquet,KJ7VJG,30,33,3,49,48,0.9795918367346939,-0.3333333333333333,-8.0,59,48,>-15
40m,wspr_2023-05-21_40m.parquet,N3AGE,23,30,7,22,67,3.0454545454545454,6.428571428571429,-13.0,4837,229,>-15
40m,wspr_2023-05-21_40m.parquet,PA3GHJ,27,33,6,99,122,1.2323232323232323,3.8333333333333335,-18.0,168,204,-20..-15
40m,wspr_2023-05-21_40m.parquet,PA3GHJ,33,37,4,122,222,1.819672131147541,25.0,-12.0,204,1479,>-15
40m,wspr_2023-05-21_40m.parquet,PA7BVB,43,50,7,166,139,0.8373493975903614,-3.857142857142857,3.0,406,140,>-15
40m,wspr_2023-05-21_40m.parquet,W9TNG,13,23,10,1,160,160.0,15.9,-25.0,1,2420,-26..-24
40m,wspr_2023-05-21_40m.parquet,WB5SRK,33,37,4,22,166,7.545454545454546,36.0,-13.0,58,3156,>-15
40m,wspr_2023-05-21_40m.parquet,WB5SRK,37,47,10,166,8,0.04819277108433735,-15.8,-9.0,3156,8,>-15
40m,wspr_2023-06-19_40m.parquet,DG8GAD,20,23,3,48,107,2.2291666666666665,19.666666666666668,-24.0,87,1456,-26..-24
40m,wspr_2023-06-19_40m.parquet,DG8GAD,23,27,4,107,94,0.8785046728971962,-3.25,-22.0,1456,658,-24..-22
40m,wspr_2023-06-19_40m.parquet,DL3EL,20,30,10,150,114,0.76,-3.6,-15.0,700,339,-20..-15
40m,wspr_2023-06-19_40m.parquet,F6KPL,20,30,10,98,259,2.642857142857143,16.1,-21.0,694,5280,-22..-20
40m,wspr_2023-06-19_40m.parquet,GM3RQQ,30,33,3,15,1,0.06666666666666667,-4.666666666666667,-23.0,15,6,-24..-22
40m,wspr_2023-06-19_40m.parquet,GM3RQQ,33,37,4,1,1,1.0,0.0,-20.5,6,15,-22..-20
40m,wspr_2023-06-19_40m.parquet,IW1QLH,17,27,10,110,59,0.5363636363636364,-5.1,-21.0,1972,99,-22..-20
40m,wspr_2023-06-19_40m.parquet,K7MAP,37,40,3,126,79,0.626984126984127,-15.666666666666666,-12.0,679,79,>-15
40m,wspr_2023-06-19_40m.parquet,N0RVS,20,27,7,1,8,8.0,1.0,-11.0,1,9,>-15
40m,wspr_2023-06-19_40m.parquet,N0RVS,27,30,3,8,9,1.125,0.3333333333333333,-21.0,9,9,-22..-20
40m,wspr_2023-06-19_40m.parquet,N0RVS,30,37,7,9,10,1.1111111111111112,0.14285714285714285,-16.0,9,15,-20..-15
40m,wspr_2023-06-19_40m.parquet,N6SKM,33,37,4,130,53,0.4076923076923077,-19.25,-14.0,1403,72,>-15
40m,wspr_2023-06-19_40m.parquet,NI5F,33,37,4,1,156,156.0,38.75,-5.0,1,2961,>-15
40m,wspr_2023-06-19_40m.parquet,PD4BA,30,33,3,31,43,1.3870967741935485,4.0,-24.0,84,86,-26..-24
40m,wspr_2023-06-19_40m.parquet,WA9ZPM,30,33,3,29,53,1.8275862068965518,8.0,-16.0,71,119,-20..-15
40m,wspr_2023-06-19_40m.parquet,WY1R,37,43,6,129,36,0.27906976744186046,-15.5,-9.0,680,36,>-15
40m,wspr_2023-06-20_40m.parquet,DG8GAD,13,17,4,6,2,0.3333333333333333,-1.0,-17.0,6,2,-20..-15
40m,wspr_2023-06-20_40m.parquet,DG8GAD,17,20,3,2,22,11.0,6.666666666666667,-26.0,2,27,-28..-26
40m,wspr_2023-06-20_40m.parquet,DG8GAD,20,23,3,22,115,5.2272727272727275,31.0,-23.0,27,1467,-24..-22
40m,wspr_2023-06-20_40m.parquet,DG8GAD,23,27,4,115,71,0.6173913043478261,-11.0,-24.0,1467,233,-26..-24
40m,wspr_2023-06-20_40m.parquet,DG8GAD,27,30,3,71,1,0.014084507042253521,-23.333333333333332,-24.0,233,17,-26..-24
40m,wspr_2023-06-20_40m.parquet,DG9ME,33,43,10,51,129,2.5294117647058822,7.8,-16.0,77,567,-20..-15
40m,wspr_2023-06-20_40m.parquet,DL1FX,20,23,3,1,197,197.0,65.33333333333333,-19.0,11,3771,-20..-15
40m,wspr_2023-06-20_40m.parquet,DL3EL,20,30,10,129,75,0.5813953488372093,-5.4,-15.0,283,201,-20..-15
40m,wspr_2023-06-20_40m.parquet,F6KPL,20,30,10,102,239,2.343137254901961,13.7,-21.0,621,4813,-22..-20
40m,wspr_2023-06-20_40m.parquet,G0CSK,23,27,4,1,142,142.0,35.25,-23.0,3,2113,-24..-22
40m,wspr_2023-06-20_40m.parquet,G8LDJ,30,37,7,186,1,0.005376344086021506,-26.428571428571427,-17.0,4733,7,-20..-15
40m,wspr_2023-06-20_40m.parquet,GM3RQQ,30,37,7,48,15,0.3125,-4.714285714285714,-21.0,307,37,-22..-20
40m,wspr_2023-06-20_40m.parquet,IQ8BB,30,37,7,1,207,207.0,29.428571428571427,-14.0,11,4466,>-15
40m,wspr_2023-06-20_40m.parquet,IW1QLH,17,27,10,99,32,0.32323232323232326,-6.7,-22.0,1399,105,-24..-22
40m,wspr_2023-06-20_40m.parquet,KJ4G,17,23,6,181,61,0.3370165745856354,-20.0,-15.0,2814,548,-20..-15
40m,wspr_2023-06-20_40m.parquet,M0BSI,33,37,4,1,303,303.0,75.5,-16.0,8,7477,-20..-15
40m,wspr_2023-06-20_40m.parquet,N0RVS,30,33,3,2,8,4.0,2.0,-17.5,2,11,-20..-15
40m,wspr_2023-06-20_40m.parquet,N6YWU,20,30,10,1,31,31.0,3.0,-18.0,2,57,-20..-15
40m,wspr_2023-06-20_40m.parquet,ON4WS,27,30,3,1,243,243.0,80.66666666666667,-11.0,7,10330,>-15
40m,wspr_2023-06-20_40m.parquet,OZ8WSP,23,27,4,1,133,133.0,33.0,-25.0,6,1100,-26..-24
40m,wspr_2023-06-20_40m.parquet,R2BIY,37,40,3,1,1,1.0,0.0,-24.0,1,1,-26..-24
40m,wspr_2023-06-20_40m.parquet,S51RS,10,20,10,1,166,166.0,16.5,-22.0,2,3448,-24..-22
40m,wspr_2023-06-20_40m.parquet,SM3ESX,20,23,3,1,112,112.0,37.0,-15.0,2,984,-20..-15
40m,wspr_2023-06-20_40m.parquet,W6DAC,37,43,6,32,49,1.53125,2.8333333333333335,-8.5,32,49,>-15
40m,wspr_2023-06-20_40m.parquet,WB5SRK,33,37,4,36,3,0.08333333333333333,-8.25,-7.5,36,3,>-15
40m,wspr_2023-06-21_40m.parquet,DF4EU,20,23,3,1,1,1.0,0.0,-15.0,14,4,-20..-15
40m,wspr_2023-06-21_40m.parquet,DG4ST,37,40,3,101,197,1.9504950495049505,32.0,-10.0,495,3277,>-15
40m,wspr_2023-06-21_40m.parquet,DG8GAD,17,20,3,13,66,5.076923076923077,17.666666666666668,-25.0,13,183,-26..-24
40m,wspr_2023-06-21_40m.parquet,DG8GAD,20,23,3,66,110,1.6666666666666667,14.666666666666666,-22.0,183,1806,-24..-22
40m,wspr_2023-06-21_40m.parquet,DG8GAD,23,27,4,110,86,0.7818181818181819,-6.0,-24.0,1806,426,-26..-24
40m,wspr_2023-06-21_40m.parquet,DG8GAD,27,30,3,86,1,0.011627906976744186,-28.333333333333332,-24.0,426,19,-26..-24
40m,wspr_2023-06-21_40m.parquet,DG9ME,33,43,10,62,128,2.064516129032258,6.6,-14.0,62,295,>-15
40m,wspr_2023-06-21_40m.parquet,DL1FX,20,23,3,1,208,208.0,69.0,-19.0,28,6746,-20..-15
40m,wspr_2023-06-21_40m.parquet,DL3EL,20,30,10,114,90,0.7894736842105263,-2.4,-9.0,189,152,>-15
40m,wspr_2023-06-21_40m.parquet,F6KPL,20,30,10,86,232,2.697674418604651,14.6,-21.0,621,5390,-22..-20
40m,wspr_2023-06-21_40m.parquet,G8LDJ,30,37,7,186,1,0.005376344086021506,-26.428571428571427,-16.0,6330,28,-20..-15
40m,wspr_2023-06-21_40m.parquet,IQ8BB,30,37,7,1,194,194.0,27.571428571428573,-12.0,18,4278,>-15
40m,wspr_2023-06-21_40m.parquet,IW1QLH,17,27,10,94,61,0.648936170212766,-3.3,-22.0,1316,168,-24..-22
40m,wspr_2023-06-21_40m.parquet,KJ4G,23,33,10,118,1,0.00847457627118644,-11.7,-18.0,5371,1,-20..-15
40m,wspr_2023-06-21_40m.parquet,M0BSI,33,37,4,1,286,286.0,71.25,-9.0,9,6963,>-15
40m,wspr_2023-06-21_40m.parquet,M0PPP,27,37,10,114,85,0.7456140350877193,-2.9,-19.0,248,85,-20..-15
40m,wspr_2023-06-21_40m.parquet,MR0JBA,10,13,3,11,41,3.727272727272727,10.0,-26.0,38,178,-28..-26
40m,wspr_2023-06-21_40m.parquet,N5AQM,27,37,10,126,158,1.253968253968254,3.2,-15.0,357,424,-20..-15
40m,wspr_2023-06-21_40m.parquet,N6YWU,20,30,10,13,16,1.2307692307692308,0.3,-19.0,23,45,-20..-15
40m,wspr_2023-06-21_40m.parquet,NI5F,30,37,7,1,157,157.0,22.285714285714285,-25.0,8,2776,-26..-24
40m,wspr_2023-06-21_40m.parquet,ON3GMB,20,27,7,1,1,1.0,0.0,-22.0,1,1,-24..-22
40m,wspr_2023-06-21_40m.parquet,ON4WS,27,30,3,1,236,236.0,78.33333333333333,-6.5,2,11534,>-15
40m,wspr_2023-06-21_40m.parquet,OZ8WSP,23,27,4,1,121,121.0,30.0,-23.0,7,906,-24..-22
40m,wspr_2023-06-21_40m.parquet,PA3BUL,23,27,4,136,177,1.3014705882352942,10.25,-17.0,432,6897,-20..-15
40m,wspr_2023-06-21_40m.parquet,R1BIH,33,37,4,130,1,0.007692307692307693,-32.25,-22.0,4690,1,-24..-22
40m,wspr_2023-06-21_40m.parquet,S51RS,10,20,10,1,170,170.0,16.9,-13.0,4,3978,>-15
40m,wspr_2023-06-21_40m.parquet,SM3ESX,20,23,3,1,107,107.0,35.333333333333336,-24.0,2,982,-26..-24
40m,wspr_2023-06-21_40m.parquet,WA7ARK,3,13,10,19,19,1.0,0.0,-22.0,1124,125,-24..-22
40m,wspr_2023-06-21_40m.parquet,WA7ARK,13,23,10,19,139,7.315789473684211,12.0,-18.0,125,1403,-20..-15
40m,wspr_2023-06-21_40m.parquet,WW4ET,33,37,4,46,84,1.826086956521739,9.5,-13.0,46,138,>-15
40m,wspr_2023-06-22_40m.parquet,2E0THH,33,37,4,1,210,210.0,52.25,-6.0,1,10581,>-15
40m,wspr_2023-06-22_40m.parquet,AA5H,33,37,4,56,81,1.4464285714285714,6.25,-20.0,679,152,-22..-20
40m,wspr_2023-06-22_40m.parquet,DF7DC,23,27,4,191,22,0.11518324607329843,-42.25,-14.0,2551,22,>-15
40m,wspr_2023-06-22_40m.parquet,DG8GAD,10,17,7,7,1,0.14285714285714285,-0.8571428571428571,-26.0,7,1,-28..-26
40m,wspr_2023-06-22_40m.parquet,DG8GAD,17,20,3,1,48,48.0,15.666666666666666,-21.0,1,138,-22..-20
40m,wspr_2023-06-22_40m.parquet,DG8GAD,20,23,3,48,108,2.25,20.0,-24.0,138,1579,-26..-24
40m,wspr_2023-06-22_40m.parquet,DG8GAD,23,27,4,108,79,0.7314814814814815,-7.25,-24.0,1579,282,-26..-24
40m,wspr_2023-06-22_40m.parquet,DG8GAD,27,30,3,79,1,0.012658227848101266,-26.0,-24.0,282,1,-26..-24
40m,wspr_2023-06-22_40m.parquet,DL3EL,20,30,10,129,130,1.0077519379844961,0.1,-15.0,327,321,-20..-15
40m,wspr_2023-06-22_40m.parquet,F6KPL,20,30,10,102,245,2.4019607843137254,14.3,-21.0,729,5910,-22..-20
40m,wspr_2023-06-22_40m.parquet,G8LIK,23,33,10,203,1,0.0049261083743842365,-20.2,-16.0,16453,1,-20..-15
40m,wspr_2023-06-22_40m.parquet,GM3RQQ,30,33,3,3,42,14.0,13.0,-23.0,38,107,-24..-22
40m,wspr_2023-06-22_40m.parquet,GM3RQQ,33,37,4,42,12,0.2857142857142857,-7.5,-20.0,107,12,-22..-20
40m,wspr_2023-06-22_40m.parquet,GW4JJW,7,10,3,10,41,4.1,10.333333333333334,-28.0,63,330,-30..-28
40m,wspr_2023-06-22_40m.parquet,IQ8BB,30,37,7,2,197,98.5,27.857142857142858,-8.0,3,4154,>-15
40m,wspr_2023-06-22_40m.parquet,IW1QLH,17,27,10,102,58,0.5686274509803921,-4.4,-22.0,1301,178,-24..-22
40m,wspr_2023-06-22_40m.parquet,KI6BZP,37,40,3,153,35,0.22875816993464052,-39.333333333333336,-12.0,2802,35,>-15
40m,wspr_2023-06-22_40m.parquet,KJ4G,23,33,10,112,1,0.008928571428571428,-11.1,-19.0,4572,1,-20..-15
40m,wspr_2023-06-22_40m.parquet,MR0JBA,10,13,3,15,52,3.466666666666667,12.333333333333334,-24.5,102,373,-26..-24
40m,wspr_2023-06-22_40m.parquet,NI5F,30,37,7,1,174,174.0,24.714285714285715,-21.0,8,3365,-22..-20
40m,wspr_2023-06-22_40m.parquet,SV8FET,17,20,3,153,148,0.9673202614379085,-1.6666666666666667,-17.0,1963,1190,-20..-15
40m,wspr_2023-06-22_40m.parquet,W0VI,23,27,4,138,1,0.007246376811594203,-34.25,-20.0,1516,1,-22..-20
40m,wspr_2023-06-23_40m.parquet,AG7UT,30,33,3,1,1,1.0,0.0,-24.0,1,1,-26..-24
40m,wspr_2023-06-23_40m.parquet,AG7UT,33,37,4,1,43,43.0,10.5,-25.0,1,65,-26..-24
40m,wspr_2023-06-23_40m.parquet,DG8GAD,3,10,7,6,11,1.8333333333333333,0.7142857142857143,-19.5,6,11,-20..-15
40m,wspr_2023-06-23_40m.parquet,DG8GAD,10,13,3,11,10,0.9090909090909091,-0.3333333333333333,-23.0,11,16,-24..-22
40m,wspr_2023-06-23_40m.parquet,DG8GAD,13,17,4,10,19,1.9,2.25,-24.0,16,40,-26..-24
40m,wspr_2023-06-23_40m.parquet,DG8GAD,17,20,3,19,67,3.526315789473684,16.0,-24.0,40,198,-26..-24
40m,wspr_2023-06-23_40m.parquet,DG8GAD,20,23,3,67,101,1.507462686567164,11.333333333333334,-23.0,198,1000,-24..-22
40m,wspr_2023-06-23_40m.parquet,DG8GAD,23,27,4,101,74,0.7326732673267327,-6.75,-24.0,1000,246,-26..-24
40m,wspr_2023-06-23_40m.parquet,DL1FX,20,23,3,1,220,220.0,73.0,-19.0,1,8223,-20..-15
40m,wspr_2023-06-23_40m.parquet,DL3EL,20,30,10,81,153,1.8888888888888888,7.2,-12.5,100,742,>-15
40m,wspr_2023-06-23_40m.parquet,F6KPL,20,30,10,91,243,2.67032967032967,15.2,-21.0,715,5735,-22..-20
40m,wspr_2023-06-23_40m.parquet,IU4QSM,37,40,3,42,31,0.7380952380952381,-3.6666666666666665,-15.0,61,31,-20..-15
40m,wspr_2023-06-23_40m.parquet,IW1QLH,17,27,10,105,63,0.6,-4.2,-22.0,1617,177,-24..-22
40m,wspr_2023-06-23_40m.parquet,K3JYD,23,30,7,155,144,0.9290322580645162,-1.5714285714285714,-12.0,3775,418,>-15
40m,wspr_2023-06-23_40m.parquet,K3JYD,30,37,7,144,171,1.1875,3.857142857142857,-11.5,418,281,>-15
40m,wspr_2023-06-23_40m.parquet,KI6BZP,30,37,7,124,121,0.9758064516129032,-0.42857142857142855,-15.0,2004,1088,-20..-15
40m,wspr_2023-06-23_40m.parquet,KI6BZP,37,40,3,121,122,1.0082644628099173,0.3333333333333333,-10.0,1088,490,>-15
40m,wspr_2023-06-23_40m.parquet,MR0JBA,10,13,3,8,32,4.0,8.0,-22.0,28,119,-24..-22
40m,wspr_2023-06-23_40m.parquet,NI5F,30,37,7,1,281,281.0,40.0,-14.0,11,9147,>-15
40m,wspr_2023-06-23_40m.parquet,PD4BA,30,33,3,36,148,4.111111111111111,37.333333333333336,-22.0,36,1684,-24..-22
40m,wspr_2023-06-23_40m.parquet,WA7ARK,3,13,10,55,34,0.6181818181818182,-2.1,-21.0,947,938,-22..-20
40m,wspr_2023-06-23_40m.parquet,WB5SRK,33,43,10,133,122,0.9172932330827067,-1.1,-12.0,1375,751,>-15
40m,wspr_2023-06-24_40m.parquet,AA1II,43,47,4,1,1,1.0,0.0,-28.0,1,1,-30..-28
40m,wspr_2023-06-24_40m.parquet,AI7HP/2,23,27,4,26,1,0.038461538461538464,-6.25,-22.0,230,1,-24..-22
40m,wspr_2023-06-24_40m.parquet,DG8GAD,17,20,3,34,36,1.0588235294117647,0.6666666666666666,-21.0,61,89,-22..-20
40m,wspr_2023-06-24_40m.parquet,DG8GAD,20,23,3,36,109,3.0277777777777777,24.333333333333332,-22.0,89,1654,-24..-22
40m,wspr_2023-06-24_40m.parquet,DG8GAD,23,27,4,109,84,0.7706422018348624,-6.25,-23.0,1654,336,-24..-22
40m,wspr_2023-06-24_40m.parquet,DK9PA,20,30,10,39,65,1.6666666666666667,2.6,-19.0,83,102,-20..-15
40m,wspr_2023-06-24_40m.parquet,F6KPL,20,30,10,126,248,1.9682539682539681,12.2,-20.0,877,6130,-22..-20
40m,wspr_2023-06-24_40m.parquet,G8LDJ,30,37,7,162,1,0.006172839506172839,-23.0,-15.0,3409,2,-20..-15
40m,wspr_2023-06-24_40m.parquet,IW1QLH,17,27,10,122,53,0.4344262295081967,-6.9,-22.0,1773,247,-24..-22
40m,wspr_2023-06-24_40m.parquet,K3JYD,20,23,3,139,139,1.0,0.0,-13.0,3317,1156,>-15
40m,wspr_2023-06-24_40m.parquet,KC1FOL,33,37,4,33,34,1.0303030303030303,0.25,-13.0,197,82,>-15
40m,wspr_2023-06-24_40m.parquet,KK7KSC,30,33,3,24,43,1.7916666666666667,6.333333333333333,-13.5,40,104,>-15
40m,wspr_2023-06-24_40m.parquet,M0WVE,33,37,4,1,163,163.0,40.5,-10.0,1,1727,>-15
40m,wspr_2023-06-24_40m.parquet,NI5F,30,37,7,1,345,345.0,49.142857142857146,-19.0,11,9916,-20..-15
40m,wspr_2023-06-24_40m.parquet,UX5DH,7,10,3,36,166,4.611111111111111,43.333333333333336,-25.0,77,2283,-26..-24
40m,wspr_2023-06-25_40m.parquet,DB1MIC,30,33,3,200,140,0.7,-20.0,-6.0,1381,655,>-15
40m,wspr_2023-06-25_40m.parquet,DG8GAD,17,20,3,59,61,1.0338983050847457,0.6666666666666666,-23.0,75,158,-24..-22
40m,wspr_2023-06-25_40m.parquet,DG8GAD,20,23,3,61,127,2.081967213114754,22.0,-21.0,158,1972,-22..-20
40m,wspr_2023-06-25_40m.parquet,DG8GAD,23,27,4,127,82,0.6456692913385826,-11.25,-23.0,1972,314,-24..-22
40m,wspr_2023-06-25_40m.parquet,DH2FAZ,33,37,4,135,150,1.1111111111111112,3.75,-8.5,188,217,>-15
40m,wspr_2023-06-25_40m.parquet,DK9PA,20,23,3,114,133,1.1666666666666667,6.333333333333333,-20.0,666,1011,-22..-20
40m,wspr_2023-06-25_40m.parquet,DK9PA,23,27,4,133,82,0.6165413533834586,-12.75,-19.0,1011,127,-20..-15
40m,wspr_2023-06-25_40m.parquet,DK9PA,27,30,3,82,112,1.3658536585365855,10.0,-16.0,127,271,-20..-15
40m,wspr_2023-06-25_40m.parquet,DL3EL,20,30,10,161,48,0.2981366459627329,-11.3,-12.0,679,80,>-15
40m,wspr_2023-06-25_40m.parquet,DL7HSN,43,47,4,26,24,0.9230769230769231,-0.5,-16.0,49,128,-20..-15
40m,wspr_2023-06-25_40m.parquet,F6KPL,20,30,10,114,247,2.1666666666666665,13.3,-20.0,732,5257,-22..-20
40m,wspr_2023-06-25_40m.parquet,G8LDJ,30,37,7,188,1,0.005319148936170213,-26.714285714285715,-15.0,4839,1,-20..-15
40m,wspr_2023-06-25_40m.parquet,IU4QSM,37,47,10,156,142,0.9102564102564102,-1.4,-5.0,438,142,>-15
40m,wspr_2023-06-25_40m.parquet,IW1QLH,17,27,10,126,53,0.42063492063492064,-7.3,-21.0,1789,180,-22..-20
40m,wspr_2023-06-25_40m.parquet,K4IZZ,37,43,6,226,99,0.43805309734513276,-21.166666666666668,-10.0,1012,99,>-15
40m,wspr_2023-06-25_40m.parquet,NI5F,30,37,7,1,329,329.0,46.857142857142854,-17.0,14,9658,-20..-15
40m,wspr_2023-06-25_40m.parquet,UX5DH,7,10,3,18,31,1.7222222222222223,4.333333333333333,-25.5,32,43,-26..-24
40m,wspr_2023-06-25_40m.parquet,UX5DH,30,37,7,39,2,0.05128205128205128,-5.285714285714286,-23.0,147,2,-24..-22
