band,snr_region,n,median_start_snr,median_rx_ratio,median_log_gain_per_db,ci_low,ci_high
10m,Weak (< -22),69,-23.0,1.75,0.0859430364340332,0.0579235868725949,0.1005521865602097
10m,Medium (-22..-15),233,-18.0,0.900990099009901,-0.0202082072721449,-0.0395695404764332,0.0114988119144919
10m,Strong (> -15),86,-13.0,1.2,0.0268389895793206,-0.0258379803051725,0.0743811837714032
20m,Weak (< -22),43,-23.0,1.3571428571428572,0.0328504066972036,0.0098561244981359,0.0542128031007005
20m,Medium (-22..-15),224,-18.5,1.0831043956043955,0.0119571946330325,0.0,0.023935728290197
20m,Strong (> -15),70,-12.0,1.0506756756756757,0.0062441677906606,-0.0383632624059988,0.0404926573978023
40m,Weak (< -22),78,-23.0,1.3884636413340623,0.0547507734395578,0.0064524186967817,0.1277749404254786
40m,Medium (-22..-15),80,-19.0,1.2315462315462316,0.0287240891869966,-0.0034987171440422,0.0677146839213504
40m,Strong (> -15),73,-10.0,1.0169491525423728,0.0028011863860635,-0.0105159739061779,0.0263401289144565
